y,x0,x1,x2,x3,x4
-1.6354,1,0.2292,-0.32597,0.39856,-0.28851
-1.6007,1,-0.13942,-0.14729,-0.34251,0.5993
-1.5659,1,0.25575,-0.18077,-0.39715,0.22356
-1.5312,1,0.31989,-0.1202,0.22696,-0.46519
-1.4965,1,-0.20377,0.022001,0.57266,-0.31318
-1.4617,1,0.08133,0.43309,0.15286,-0.71941
-1.4443,1,-0.041473,-0.044313,0.14792,-0.057033
-1.427,1,0.21672,0.012111,0.086572,-0.36446
-1.3922,1,0.23382,-0.47444,0.31695,-0.061934
-1.3575,1,0.2115,0.25719,-0.21867,-0.35443
-1.3228,1,-0.14533,0.031189,-0.038515,0.1463
-1.288,1,-0.2334,0.22733,-0.068857,0.063819
-1.2533,1,-0.057253,0.012587,0.049882,-0.013864
-1.2533,1,0.030129,0.022804,-0.29428,0.17603
-1.441,1,0.18199,-0.052871,0.3367,-0.47056
-1.25,1,0.27482,-0.30553,0.22256,-0.20562
-1.4377,1,-0.21933,-0.42603,-0.054245,0.74617
-1.2466,1,-0.44432,0.34148,-0.049092,0.17533
-1.4364,1,-0.16012,-0.21539,-0.32832,0.69228
-1.4669,1,0.08097,-0.32545,-0.34321,0.54487
-1.4344,1,0.089586,-0.1206,0.11385,-0.087417
-1.2433,1,-0.024989,0.20516,0.26697,-0.44021
-1.4974,1,-0.22982,-0.43828,-0.28905,0.982
-1.5279,1,0.34872,0.00014786,-0.33248,-0.12486
-1.5584,1,-0.43587,-0.1477,-0.53412,1.1264
-1.4311,1,0.54819,-0.098097,-0.078554,-0.47295
-1.24,1,0.13468,0.37461,-0.096067,-0.48638
-1.589,1,-0.078682,-0.33939,-0.23034,0.65173
-1.3979,1,-0.014533,-0.017253,-0.25285,0.24928
-1.2705,1,0.5307,-0.67431,-0.309,0.37309
-1.6195,1,-0.18527,-0.040313,-0.17922,0.40944
-1.3647,1,-0.11935,0.10794,0.33598,-0.28025
-1.3329,1,0.41474,0.17877,0.018593,-0.69918
-1.301,1,0.23647,-0.097699,0.28208,-0.42507
-1.5425,1,0.10115,-0.01171,0.43064,-0.47784
-1.5061,1,0.18333,0.34105,-0.03895,-0.54121
-1.4697,1,0.36121,0.25701,-0.075337,-0.62555
-1.4333,1,-0.034455,-0.13781,0.1588,0.055063
-1.3969,1,0.15235,0.3296,-0.068422,-0.46688
-1.3605,1,0.0044012,-0.31427,0.44031,-0.047272
-1.3241,1,0.33215,0.1861,0.14804,-0.71162
-1.2878,1,-0.083824,0.15106,0.13018,-0.17401
-1.2878,1,-0.26059,0.30281,0.055018,-0.065937
-1.573,1,-0.29594,0.20009,0.40917,-0.22404
-1.2546,1,0.042061,-0.26728,-0.052999,0.29327
-1.6035,1,0.10735,0.024191,0.44306,-0.53207
-1.2214,1,-0.35568,0.025607,0.11223,0.29616
-1.6035,1,-0.32587,0.094266,0.10294,0.19555
-1.2179,1,0.35413,0.0063994,0.30723,-0.67713
-1.6,1,0.14447,-0.17575,-0.46687,0.44404
-1.2143,1,-0.00062009,-0.53138,-0.54255,1.0667
-1.5964,1,-0.015963,0.33682,0.22065,-0.52331
-1.2108,1,0.022241,0.098557,-0.062632,-0.058096
-1.5929,1,0.22951,-0.1611,-0.044702,-0.034912
-1.2108,1,0.0036143,0.31189,-0.030039,-0.29527
-1.5597,1,0.011028,0.035406,-0.43149,0.34874
-1.2413,1,-0.035933,0.19217,-0.46749,0.26589
-1.5266,1,0.28913,0.24054,-0.16072,-0.43302
-1.5266,1,0.38287,0.12864,0.1608,-0.70408
-1.4902,1,-0.12153,0.11244,-0.17993,0.20002
-1.4538,1,0.40648,0.066701,-0.16714,-0.37638
-1.4174,1,-0.51629,0.085376,0.15486,0.39425
-1.381,1,0.031067,-0.3542,-0.42056,0.73751
-1.3446,1,0.54514,0.28405,0.032276,-0.94761
-1.3082,1,0.17549,-0.61599,-0.4901,0.91306
-1.2718,1,-0.10797,-0.26458,-0.040068,0.46806
-1.577,1,0.17319,0.050294,-0.00316,-0.21819
-1.5422,1,0.026811,-0.30619,0.23761,0.12511
-1.5075,1,0.031045,-0.13733,0.14098,0.022949
-1.4728,1,0.35486,0.23852,0.0015052,-0.63683
-1.438,1,0.28831,-0.32734,0.19563,-0.11949
-1.4033,1,0.053348,0.10209,0.1666,-0.28387
-1.3685,1,-0.086663,-0.09503,-0.2079,0.42105
-1.3338,1,0.0066303,-0.22785,0.19376,0.10262
-1.2991,1,-0.26866,-0.27089,0.37577,0.3094
-1.2643,1,-0.30402,0.035536,-0.073619,0.41505
-1.2296,1,-0.033068,-0.22923,-0.26013,0.54941
-1.1948,1,-0.21354,-0.020069,0.060262,0.25204
-1.1948,1,-0.39231,-0.081323,0.076718,0.51171
-1.2254,1,-0.019946,0.064679,-0.034715,0.020118
-1.2559,1,-0.70201,0.16361,-0.036378,0.70992
-1.2864,1,-0.12783,0.049682,-0.07845,0.20294
-1.3169,1,0.21049,-0.053784,0.19258,-0.31615
-1.3474,1,-0.10735,0.0060393,-0.23426,0.36582
-1.3779,1,-0.13001,0.016502,0.18932,0.0097861
-1.4085,1,-0.18669,0.10213,-0.1235,0.25972
-1.439,1,-0.23296,0.19396,0.21213,-0.0793
-1.4695,1,-0.31825,-0.12702,0.25254,0.33209
-1.5,1,0.081871,-0.19537,-0.2687,0.3998
-1.5305,1,0.046722,0.036346,0.12841,-0.15717
-1.561,1,0.043519,0.15596,0.14595,-0.29662
-1.5263,1,0.22402,0.048581,0.4311,-0.64155
-1.4916,1,-0.096292,-0.45724,0.0465,0.61519
-1.4568,1,-0.021609,0.025747,0.071569,-0.014916
-1.4221,1,0.13133,-0.058214,0.15272,-0.17366
-1.3873,1,-0.25028,0.016946,-0.074954,0.38954
-1.3526,1,-0.047124,0.46712,0.48317,-0.82338
-1.3179,1,0.22639,0.35203,0.095384,-0.67654
-1.2831,1,-0.37351,0.022044,-0.10268,0.55184
-1.2484,1,0.0022525,-0.12816,-0.16252,0.32921
-1.2136,1,-0.15612,-0.20804,-0.15492,0.59304
-1.1789,1,-0.012659,0.22926,0.14625,-0.31059
-1.5477,1,-0.038912,0.059438,-0.17408,0.19802
-1.5123,1,0.026321,-0.0078164,0.11783,-0.061275
-1.4768,1,0.027352,0.35628,-0.34591,-0.046863
-1.4414,1,-0.1558,0.0073359,0.11825,0.13539
-1.4059,1,-0.047785,-0.10093,-0.48641,0.65888
-1.3704,1,-0.0562,0.019119,0.21463,-0.076547
-1.4164,1,-0.50534,0.12463,-0.06913,0.58217
-1.335,1,-0.026563,0.17352,0.24786,-0.30614
-1.2995,1,-0.27954,-0.1141,-0.16132,0.65912
-1.264,1,-0.41485,-0.23094,-0.0086574,0.80914
-1.2286,1,-0.11562,0.19367,0.2093,-0.18818
-1.1931,1,0.091024,-0.33616,-0.09963,0.41538
-1.1577,1,0.16764,-0.2335,0.15963,-0.011801
-1.4124,1,0.1321,0.022159,-0.1881,0.059448
-1.1577,1,-0.23208,0.36152,0.081732,-0.12015
-1.1917,1,-0.25912,0.31813,-0.018202,0.046722
-1.2257,1,-0.5725,0.28432,0.011169,0.4228
-1.2597,1,0.35048,-0.23436,0.054555,-0.12912
-1.2937,1,-0.14258,0.05968,0.047038,0.13475
-1.3277,1,-0.34693,-0.062763,-0.20371,0.72588
-1.4084,1,0.19646,-0.029041,-0.1031,-0.030997
-1.3617,1,0.12416,-0.19068,-0.13898,0.25946
-1.3958,1,-0.50888,-0.0046294,0.023604,0.6532
-1.4298,1,0.080704,-0.07155,0.32227,-0.22264
-1.4638,1,-0.26612,-0.089609,-0.089416,0.56318
-1.4978,1,-0.0014247,0.21896,-0.23503,0.050931
-1.5318,1,-0.24625,0.26916,0.22703,-0.12387
-1.5185,1,0.45951,-0.1083,0.16419,-0.46952
-1.4838,1,0.24172,0.11418,-0.018543,-0.29546
-1.449,1,0.041489,-0.12304,-0.31058,0.45032
-1.4143,1,0.13883,0.03771,-0.071094,-0.046985
-1.3796,1,-0.040904,-0.080957,0.11617,0.12557
-1.3448,1,-0.17097,-0.43375,0.41317,0.39646
-1.3101,1,-0.16383,0.37982,0.0033633,-0.12936
-1.2754,1,0.12704,-0.062241,-0.31582,0.28976
-1.2406,1,-0.31686,0.18689,-0.07986,0.33008
-1.2059,1,-0.23721,-0.27842,-0.043643,0.70761
-1.1711,1,-0.087652,-0.23118,0.087484,0.36729
-1.1364,1,-0.23042,-0.37319,0.16139,0.62169
-1.5153,1,0.3586,0.19113,0.13196,-0.64369
-1.5121,1,-0.34771,0.29044,-0.17699,0.34597
-1.509,1,-0.18822,0.13576,0.032383,0.14633
-1.5058,1,-0.16582,-0.12777,-0.029027,0.46177
-1.5026,1,0.090985,-0.28108,-0.27137,0.54456
-1.4893,1,-0.12175,0.049435,0.10981,0.11351
-1.4546,1,0.1072,0.35012,0.19272,-0.55028
-1.4198,1,-0.012726,-0.35661,0.035177,0.49038
-1.3851,1,-0.20412,0.1436,-0.33856,0.50201
-1.3503,1,0.11693,0.021992,0.30325,-0.30474
-1.3156,1,0.0077589,0.034659,-0.40712,0.43326
-1.2809,1,-0.28883,0.027423,-0.15234,0.56221
-1.2461,1,0.053023,0.10038,-0.03065,-0.021361
-1.2114,1,0.23675,0.28528,-0.35836,-0.14653
-1.1767,1,0.13466,0.27137,-0.19945,-0.15244
-1.1419,1,-0.16373,0.28387,0.33722,-0.29055
-1.1072,1,-0.1394,0.10435,-0.045683,0.21151
-1.1072,1,0.089657,0.082109,-0.023219,-0.050809
-1.486,1,0.1796,-0.41796,0.31891,0.086557
-1.1039,1,-0.02115,0.4204,0.087562,-0.38099
-1.4827,1,-0.2168,0.12619,-0.5037,0.68732
-1.1005,1,0.39469,0.20402,0.27959,-0.79702
-1.4793,1,-0.21929,-0.28788,0.055011,0.64905
-1.0972,1,-0.15073,0.17472,-0.063489,0.1743
-1.476,1,-0.41604,0.20098,0.02829,0.37732
-1.0939,1,-0.11725,0.074234,-0.07796,0.25978
-1.4428,1,0.065593,0.18755,-0.72542,0.49533
-1.1244,1,0.42979,-0.045482,-0.37642,0.016058
-1.4097,1,-0.033979,0.2682,0.27482,-0.35398
-1.4097,1,0.12223,0.26533,-0.39459,0.055906
-1.3733,1,-0.2135,-0.381,-0.15512,0.93348
-1.3369,1,-0.044597,0.05101,0.47307,-0.28159
-1.3005,1,-0.21471,0.0087499,0.095875,0.29364
-1.2641,1,-0.04908,-0.049805,-0.13024,0.36289
-1.2277,1,-0.19753,0.07816,-0.028859,0.30842
-1.1913,1,0.09346,-0.00086642,-0.074561,0.095232
-1.1549,1,-0.21862,-0.089783,-0.14339,0.61489
-1.4309,1,0.089376,0.064131,0.1574,-0.13199
-1.3961,1,0.41601,0.16374,-0.31574,-0.20359
-1.3614,1,0.46186,0.18415,-0.19452,-0.38556
-1.3266,1,-0.30131,-0.19694,0.24385,0.52836
-1.2919,1,0.095221,-0.12441,-0.00031867,0.20332
-1.2572,1,0.014274,-0.1332,-0.069125,0.36751
-1.2398,1,-0.11896,0.72684,0.067978,-0.52598
-1.2224,1,-0.27004,0.17164,-0.031224,0.33614
-1.1877,1,0.26818,0.13326,0.11533,-0.37768
-1.153,1,-0.086704,-0.51722,-0.44225,1.2275
-1.1182,1,0.20532,-0.12991,-0.045111,0.12052
-1.0835,1,-0.076238,-0.147,0.063379,0.37123
-1.0487,1,-0.25125,-0.039603,0.2469,0.29766
-1.0487,1,-0.045679,-0.19972,0.053708,0.40105
-1.2365,1,-0.039397,-0.58728,0.071678,0.79942
-1.0454,1,-0.093265,0.017668,0.2622,0.041836
-1.2332,1,0.088833,0.14573,-0.19541,0.097383
-1.0421,1,0.41452,-0.24184,0.092923,-0.11697
-1.2318,1,-0.29099,0.012623,0.31288,0.23744
-1.2623,1,0.069402,-0.15317,-0.68058,0.87175
-1.2298,1,0.12511,0.0087741,-0.12783,0.14682
-1.0388,1,-0.058704,-0.41253,0.28315,0.45397
-1.2929,1,0.32728,0.17539,-0.095712,-0.29583
-1.3234,1,0.18082,0.023304,-0.22119,0.15037
-1.3539,1,-0.60619,0.0075519,-0.0022395,0.89208
-1.2265,1,0.31107,-0.3835,0.28741,-0.0081503
-1.0355,1,-0.47713,0.032784,-0.12289,0.82073
-1.3844,1,0.26044,0.057995,0.049218,-0.21485
-1.1933,1,0.79816,0.29147,0.0057596,-1.0544
-1.066,1,-0.1694,0.17395,-0.21075,0.38885
-1.4149,1,-0.19578,-0.29356,-0.29803,1.0021
-1.1602,1,0.036464,-0.54255,0.030691,0.71141
-1.1283,1,0.12972,-0.34315,0.17664,0.25939
-1.0965,1,0.42617,0.18421,0.19228,-0.6684
-1.4016,1,0.13972,-0.14675,-0.51104,0.65366
-1.3669,1,0.20227,-0.026229,-0.14874,0.13226
-1.3322,1,-0.1022,-0.013905,-0.083557,0.41598
-1.2974,1,0.25845,-0.010498,-0.19918,0.094256
-1.2627,1,-0.095719,-0.37905,-0.078069,0.79761
-1.2279,1,0.62621,-0.15737,-0.14186,-0.22567
-1.2106,1,0.31747,-0.11107,-0.52124,0.41726
-1.1932,1,-0.3526,-0.43302,0.090624,1.0065
-1.1585,1,0.13522,0.3705,-0.084395,-0.27436
-1.1237,1,-0.082302,0.027022,0.31014,0.0024967
-1.089,1,-0.17133,0.36709,-0.15754,0.1504
-1.0543,1,6.8424E-006,-0.32521,0.15452,0.42361
-1.0195,1,-0.18596,0.23951,0.17201,0.015301
-1.0195,1,-0.034551,0.035559,-0.058338,0.26171
-1.3984,1,-0.098653,-0.082615,0.072618,0.35183
-1.0163,1,0.22756,0.21477,-0.029653,-0.25878
-1.207,1,0.021265,-0.29699,-0.059337,0.55996
-1.3953,1,0.21263,0.6321,0.082466,-0.78713
-1.0131,1,0.20796,0.18389,-0.445,0.16573
-1.2035,1,-0.55151,0.1839,-0.014891,0.67209
-1.3921,1,0.01997,-0.091543,0.084386,0.21938
-1.01,1,-0.0057091,-0.016501,-0.014565,0.2553
-1.1999,1,-0.19692,-0.0027369,0.17974,0.29318
-1.3889,1,-0.095684,0.55674,0.14966,-0.39976
-1.0068,1,-0.26008,-0.045223,-0.040289,0.6081
-1.3857,1,0.15282,0.024771,-0.12668,0.13118
-1.0036,1,0.18077,0.13344,0.10638,-0.22354
-1.3724,1,-0.2117,0.062167,0.021102,0.39827
-1.337,1,0.35337,0.42611,0.16602,-0.77877
-1.3015,1,0.029691,0.11782,-0.17487,0.23104
-1.266,1,0.14295,-0.02662,0.028808,0.076707
-1.2306,1,-0.065779,0.65637,0.26592,-0.6251
-1.1951,1,-0.096673,-0.018419,0.24749,0.15589
-1.2411,1,-0.13273,0.12006,0.1283,0.15359
-1.1596,1,-0.019827,0.2337,0.26414,-0.21951
-1.1242,1,-0.074714,0.47498,0.061662,-0.23722
-1.0887,1,0.042135,-0.10926,-0.021179,0.33075
-1.0532,1,0.16304,-0.11498,-0.037679,0.21144
-1.0178,1,0.0083704,0.26739,-0.32257,0.23008
-0.98232,1,0.014537,-0.09259,0.38868,-0.013352
-1.2371,1,-0.068693,0.017372,-0.23553,0.51372
-0.98232,1,0.094858,0.35913,0.13738,-0.37327
-1.0163,1,-0.0058034,-0.35239,-0.19568,0.80519
-1.0504,1,-0.0093011,-0.44368,0.12766,0.62417
-1.0844,1,0.25307,-0.19555,0.046948,0.12277
-1.1184,1,0.072594,-0.032896,0.14223,0.074245
-1.1524,1,0.020341,-0.1194,-0.099347,0.44153
-1.2331,1,-0.29855,-0.029665,0.020633,0.61068
-1.1864,1,0.45387,0.13073,-0.038256,-0.3859
-1.2204,1,-0.18019,-0.13746,0.46592,0.1988
-1.2544,1,-0.2722,-0.23665,0.031147,0.79591
-1.2884,1,-0.40033,0.13779,-0.082466,0.64162
-1.3225,1,0.19204,0.3321,0.21119,-0.51493
-1.3565,1,0.047948,-0.18322,0.14133,0.27095
-1.2795,1,-0.073426,-0.025286,0.029077,0.35365
-1.2431,1,-0.12657,-0.14645,0.28093,0.32479
-1.2067,1,0.19977,-0.32827,-0.015204,0.40157
-1.1703,1,-0.24682,-0.446,-0.22982,1.237
-1.1339,1,0.023478,-0.12716,0.097601,0.29054
-1.0975,1,-0.12572,0.066817,0.15279,0.20635
-1.0611,1,-0.48915,-0.13213,0.2333,0.77319
-1.0248,1,0.17417,-0.22386,-0.68328,0.90611
-1.0248,1,0.092618,-0.10845,-0.10257,0.3659
-1.31,1,0.12046,-0.040888,0.018609,0.15536
-0.99159,1,0.044417,0.10606,-0.2862,0.35331
-1.3405,1,-0.059238,0.27499,-0.33736,0.33796
-0.95841,1,-0.0095842,0.10162,0.32199,-0.11251
-1.3405,1,-0.22465,0.10268,0.14765,0.28993
-0.95487,1,0.085748,0.52991,0.17215,-0.55032
-1.337,1,-0.26198,-0.07043,-0.34033,0.95275
-1.176,1,-0.048982,0.29156,-0.52085,0.47475
-0.95133,1,0.38908,-0.092711,0.20388,-0.25591
-1.3335,1,-0.33952,-0.43207,0.18542,0.97444
-1.172,1,-0.15309,0.024136,-0.14406,0.55712
-0.94779,1,0.25305,-0.14815,0.074926,0.079114
-1.3299,1,-0.026905,0.071361,0.23292,0.02915
-0.94779,1,0.079856,0.082784,-0.07319,0.16173
-1.2967,1,-0.13985,-0.095089,0.13026,0.43177
-0.9783,1,0.036842,0.30624,-0.04156,-0.055821
-1.2636,1,0.36479,0.094345,0.06788,-0.30375
-1.2158,1,-0.0016939,-0.15475,0.090639,0.37152
-1.168,1,-0.20455,-0.33939,0.15066,0.75405
-1.0725,1,-0.29852,-0.22098,-0.19829,1.0425
-1.0407,1,-0.083158,-0.25592,-0.35683,0.96894
-1.0088,1,-0.21569,-0.086889,0.26865,0.39082
-1.314,1,-0.16078,-0.38117,0.31316,0.61848
-1.2785,1,-0.18966,0.27804,0.11433,0.11634
-1.243,1,-0.17408,-0.067848,-0.32615,0.85945
-1.2076,1,0.13311,0.15396,0.41823,-0.39118
-1.1721,1,-0.24341,-0.16388,0.086473,0.68237
-1.1367,1,-0.26078,0.14734,0.2741,0.20252
-1.1826,1,-0.25373,0.37582,-0.17987,0.34731
-1.1012,1,0.082971,0.15979,-0.097815,0.11676
-1.0657,1,-0.0049116,0.19527,0.16131,-0.046362
-1.0303,1,-0.2234,-0.21388,-0.22675,0.99132
-0.9948,1,0.3974,0.064076,-0.39102,0.11408
-0.95934,1,0.093009,-0.038177,-0.13628,0.35538
-0.92388,1,-0.0013515,-0.40745,0.084287,0.67043
-1.1786,1,-0.041167,0.1815,-0.0030029,0.15804
-0.92388,1,0.51849,-0.17891,0.32911,-0.39642
-0.95789,1,-0.14565,0.5199,-0.28204,0.16055
-0.99191,1,-0.15039,0.26973,0.05639,0.13915
-1.0259,1,0.0046758,0.10232,-0.030113,0.21611
-1.0599,1,0.24339,-0.42319,0.18959,0.31287
-1.0939,1,-0.19162,0.098311,0.25689,0.19797
-1.1746,1,-0.38623,0.2755,-0.10687,0.55347
-1.128,1,0.20262,0.27221,0.019851,-0.23934
-1.162,1,-0.11734,0.13704,-0.3344,0.59108
-1.196,1,-0.15661,-0.33304,-0.094888,0.93413
-1.23,1,-0.023285,-0.16859,0.056174,0.4694
-1.264,1,0.1296,0.2272,0.23169,-0.2892
-1.298,1,-0.12085,-0.063057,0.39803,0.16993
-1.2847,1,-0.062781,-0.051636,0.12941,0.33938
-1.25,1,0.25113,-0.00735,0.22773,-0.16019
-1.2153,1,-0.016525,0.18384,0.10181,0.05573
-1.1805,1,-0.42685,-0.1064,0.08515,0.86109
-1.1458,1,-0.39118,0.19579,0.096943,0.48313
-1.1111,1,0.095324,0.21357,0.035155,-0.04791
-1.0763,1,0.10658,0.053646,-0.060584,0.19573
-1.0416,1,-0.11639,-0.19009,0.2987,0.40231
-1.0068,1,0.033206,-0.11914,0.30365,0.1473
-0.9721,1,0.017378,-0.16197,0.10852,0.38351
-0.93737,1,0.42964,-0.28059,0.041757,0.090417
-0.90263,1,-0.17694,0.14184,-0.13105,0.49249
-0.90263,1,-0.056954,0.07311,0.061479,0.25772
-0.93314,1,-0.056494,-0.26641,0.53715,0.20661
-0.96366,1,0.075667,-0.14933,-0.26671,0.6346
-0.99417,1,0.3621,-0.43811,0.092083,0.29868
-1.0247,1,0.05139,0.22327,0.17218,-0.12247
-1.0552,1,-0.15339,-0.067103,0.048609,0.53915
-1.0857,1,0.0058488,0.013925,-0.36047,0.6274
-1.1162,1,-0.51365,0.015889,-0.39153,1.2585
-1.1467,1,-0.39508,0.19583,-0.052887,0.6299
-1.1773,1,-0.41768,0.057445,0.127,0.64867
-1.2078,1,0.082825,-0.20007,0.26093,0.2276
-1.2383,1,-0.3597,0.012711,-0.1565,0.88136
-1.2688,1,-0.48738,-0.0594,-0.21188,1.1578
-1.2341,1,-0.32581,0.44249,0.25071,0.021453
-1.1993,1,0.23293,-0.079683,0.007119,0.14881
-1.1646,1,0.58992,0.25604,0.16145,-0.7646
-1.1299,1,-0.22303,0.18795,0.29666,0.13609
-1.0951,1,-0.11635,0.17765,0.29433,0.025092
-1.0604,1,0.31379,0.066436,0.090842,-0.17657
-1.0256,1,0.35761,-0.10892,-0.074366,0.1069
-0.9909,1,0.29638,-0.14602,0.070834,0.090523
-0.95616,1,-0.12094,-0.10134,0.14799,0.46015
-0.92143,1,0.034765,0.0073088,0.10294,0.20132
-0.88669,1,0.25398,-0.11195,0.45729,-0.2367
-0.76802,1,0.24944,0.17363,-0.4458,-0.4272
-0.73256,1,-0.17884,0.12047,-0.00014582,-0.26254
-0.6971,1,0.12533,0.15831,-0.19975,-0.48114
-0.66163,1,-0.0056517,-0.11403,0.16876,-0.35815
-0.62617,1,0.00086179,0.17186,-0.65621,0.051883
-0.59071,1,0.17997,0.13671,-0.28426,-0.44498
-0.63666,1,0.046778,0.26096,0.2761,-0.91637
-0.55525,1,-0.17538,0.24378,-0.16216,-0.25358
-0.51978,1,-0.30168,0.27148,0.017898,-0.29409
-0.48432,1,-0.57975,-0.19363,-0.17499,0.70171
-0.44886,1,-0.083493,0.20586,-0.12288,-0.35199
-0.41339,1,-0.05677,-0.17244,0.17627,-0.23721
-0.37793,1,0.27605,-0.10753,-0.10636,-0.44537
-0.63268,1,-0.13615,0.38598,0.12904,-0.70512
-0.37793,1,0.011376,0.33081,0.015355,-0.71733
-0.41195,1,0.38325,-0.074765,0.011583,-0.70845
-0.44596,1,0.17966,0.20188,0.08172,-0.83098
-0.47997,1,-0.31861,-0.18456,-0.049596,0.28206
-0.51399,1,-0.031416,-0.15458,0.11036,-0.22445
-0.548,1,-0.42202,0.22465,0.056554,-0.13103
-0.6287,1,0.14274,-0.10603,0.10544,-0.47411
-0.58201,1,-0.088485,0.18985,-0.23564,-0.22401
-0.61603,1,0.18175,0.36763,0.002582,-0.93907
-0.65004,1,-0.22993,0.12849,-0.05138,-0.15377
-0.68406,1,0.42182,0.06166,-0.056102,-0.83529
-0.71807,1,-0.085639,0.052535,0.38539,-0.62234
-0.75208,1,0.36539,0.050839,0.03649,-0.83792
-0.7388,1,0.0072969,-0.15465,-0.17554,0.00013721
-0.70406,1,-0.092557,-0.39956,0.11666,0.12369
-0.66933,1,-0.0092852,0.2538,0.2742,-0.81673
-0.63459,1,0.32453,0.075195,0.37484,-1.101
-0.59985,1,0.039439,-0.37894,0.10656,-0.043293
-0.56511,1,-0.045023,-0.40395,0.0075714,0.16903
-0.53037,1,-0.25748,-0.090209,0.16514,-0.060791
-0.49563,1,-0.4448,0.24817,-0.44284,0.32668
-0.46089,1,0.020989,-0.071493,-0.20141,-0.082771
-0.42616,1,-0.0069046,0.19584,0.22381,-0.71265
-0.39142,1,0.063482,-0.080111,0.094734,-0.38332
-0.35668,1,0.15854,0.39453,0.19213,-1.0917
-0.35668,1,0.26842,-0.047495,-0.029666,-0.54764
-0.38719,1,-0.019703,0.049817,-0.2083,-0.15893
-0.41771,1,0.49274,-0.26696,0.26546,-0.82876
-0.44823,1,-0.10765,-0.35066,-0.11618,0.29717
-0.47874,1,-0.034504,-0.27095,0.03316,-0.0039601
-0.50926,1,-0.1669,0.12871,-0.27682,-0.0072471
-0.53977,1,0.25996,0.29029,-0.11233,-0.82168
-0.57029,1,0.093032,0.30035,0.294,-0.99423
-0.6008,1,0.18709,0.10268,0.15414,-0.76611
-0.63132,1,0.33634,-0.026889,-0.070288,-0.60135
-0.66183,1,0.087265,-0.23843,-0.26745,0.091451
-0.69235,1,0.14655,0.28393,0.35369,-1.086
-0.72286,1,-0.30509,0.20577,-0.12223,-0.056283
-0.68812,1,-0.014629,-0.1297,-0.10678,-0.045934
-0.65339,1,-0.013417,0.41217,-0.25676,-0.50014
-0.61865,1,0.44543,0.29153,-0.29279,-0.8723
-0.58391,1,0.15525,-0.15209,-0.021572,-0.29439
-0.54917,1,0.49616,-0.059165,-0.13915,-0.68803
-0.51443,1,0.15812,0.1746,0.015823,-0.68312
-0.47969,1,-0.033342,0.0024197,0.10702,-0.35469
-0.44496,1,-0.26186,-0.23434,-0.1632,0.4043
-0.41022,1,-0.40738,-0.14784,0.16589,0.19097
-0.37548,1,0.21197,-0.50678,-0.39945,0.35458
-0.34074,1,0.36612,-0.0014102,-0.35582,-0.40849
-0.70958,1,-0.50888,0.08075,0.040254,0.18607
-0.67484,1,-0.076209,-0.45683,-0.017227,0.31314
-0.6401,1,-0.31595,0.13049,0.34643,-0.36134
-0.60536,1,0.14799,0.0064279,-0.019873,-0.44532
-0.57063,1,0.19223,-0.11788,0.034268,-0.41028
-0.53589,1,-0.17865,-0.09949,-0.51127,0.48118
-0.50115,1,-0.038398,0.091148,0.097995,-0.42346
-0.46641,1,-0.26688,-0.38382,0.059922,0.38842
-0.43167,1,-0.067976,-0.00099585,0.15202,-0.33711
-0.39693,1,-0.29177,-0.5367,-0.15954,0.77532
-0.3622,1,-0.2266,0.14918,0.0028993,-0.18343
-0.32746,1,-0.18238,-0.23128,0.040104,0.14292
-0.32746,1,0.032087,0.2731,0.031465,-0.64331
-0.70626,1,0.31976,0.1479,0.38824,-1.1534
-0.32414,1,0.37734,-0.079289,0.20854,-0.81729
-0.70294,1,0.0081319,0.22721,-0.12395,-0.42269
-0.32082,1,0.0080415,-0.056229,0.31833,-0.50563
-0.69962,1,0.2823,0.097726,0.26096,-0.9372
-0.3175,1,0.44806,-0.1085,-0.083897,-0.60437
-0.6963,1,-0.36078,0.064159,0.21098,-0.10534
-0.31417,1,-0.2513,-0.077533,-0.11297,0.20498
-0.66313,1,0.20204,-0.011669,0.024211,-0.51298
-0.34469,1,0.061644,-0.39841,-0.54732,0.57024
-0.62995,1,0.052336,-0.057671,-0.49299,0.16696
-0.62995,1,0.11692,-0.24584,0.22621,-0.33754
-0.59356,1,0.026227,0.064723,0.25911,-0.59603
-0.55717,1,-0.1185,0.17737,0.19114,-0.48938
-0.52078,1,0.28531,-0.30103,-0.31231,-0.0004472
-0.48438,1,0.0515,0.51357,-0.024001,-0.86081
-0.44799,1,-0.030457,0.070557,0.042026,-0.34548
-0.4116,1,-0.12498,0.36052,-0.031693,-0.48352
-0.37521,1,-0.033283,0.19286,-0.1322,-0.32096
-0.58745,1,-0.051101,0.21379,-0.10952,-0.30063
-0.39639,1,-0.018507,0.45937,0.13681,-0.82014
-0.36454,1,0.35649,0.2232,0.29877,-1.1441
-0.3327,1,0.017225,0.15632,-0.2113,-0.22865
-0.61796,1,-0.15099,0.11608,-0.16421,-0.029558
-0.4269,1,0.15397,0.10215,0.24423,-0.72857
-0.29953,1,-0.074057,-0.047934,-0.082076,-0.014331
-0.64848,1,0.33505,-0.53998,-0.2884,0.22321
-0.45742,1,0.016791,-0.072413,0.084423,-0.23873
-0.26636,1,-0.36407,0.097768,0.28045,-0.15147
-0.64848,1,-0.10528,0.41522,0.022489,-0.56837
-0.26636,1,0.42508,0.6094,-0.44321,-0.98564
-0.45388,1,0.021812,-0.11288,-0.10719,-0.02892
-0.64494,1,-0.10977,-0.0069479,-0.18408,0.077514
-0.26282,1,-0.025316,-0.1152,-0.090475,0.013737
-0.45033,1,0.21696,-0.069737,-0.06439,-0.3367
-0.6414,1,-0.13282,0.24746,-0.05149,-0.28323
-0.25927,1,0.47434,0.13227,0.26112,-1.1404
-0.44679,1,0.35244,0.24086,-0.40051,-0.53046
-0.63785,1,-0.046278,0.31809,0.13526,-0.62085
-0.44679,1,-0.24568,-0.030316,-0.45231,0.50378
-0.25573,1,-0.17766,0.052288,0.11666,-0.1648
-0.60468,1,0.24596,0.03509,0.29413,-0.79398
-0.47731,1,-0.11904,0.10872,-0.015804,-0.17612
-0.28625,1,-0.19084,-0.057319,0.24963,-0.1468
-0.57151,1,0.23214,-0.036948,-0.52022,0.017183
-0.53967,1,-0.23126,0.24825,0.40604,-0.56568
-0.50782,1,-0.1211,0.10752,0.069438,-0.24607
-0.31676,1,-0.23264,-0.48831,0.10983,0.49113
-0.23979,1,0.35392,0.095778,-0.13401,-0.59418
-0.2366,1,0.045957,0.062409,0.096661,-0.39943
-0.23342,1,-0.010625,0.032088,-0.16384,-0.06865
-0.61395,1,0.026654,0.28847,0.11045,-0.62828
-0.57921,1,0.029793,0.18352,0.18345,-0.58288
-0.54447,1,0.22611,-0.75354,-0.43307,0.74186
-0.50973,1,0.23888,0.23352,-0.018914,-0.70222
-0.47499,1,0.053152,0.011793,0.060644,-0.31678
-0.44025,1,0.030032,0.077197,0.19768,-0.48094
-0.40551,1,0.038863,0.098189,-0.49757,0.097453
-0.37078,1,0.11512,-0.12739,0.12098,-0.29177
-0.33604,1,0.3278,0.23534,0.040294,-0.85972
-0.3013,1,0.10221,0.0041984,0.58772,-0.82912
-0.26656,1,-0.18996,0.16557,-0.046943,-0.10517
-0.23182,1,0.12447,-0.11124,-0.016898,-0.19884
-0.23023,1,0.19155,-0.2162,-0.07019,-0.11522
-0.22704,1,0.12131,-0.20335,-0.14676,0.023152
-0.22385,1,0.051756,0.19175,0.09034,-0.52754
-0.59269,1,-0.19266,0.19313,0.26434,-0.38442
-0.55723,1,-0.12261,0.16921,-0.060623,-0.15369
-0.52177,1,0.081394,-0.42979,0.10079,0.11402
-0.4863,1,0.02412,-0.15558,0.044581,-0.065055
-0.45084,1,-0.27334,0.20017,0.16133,-0.20467
-0.41538,1,0.13193,0.06494,0.1039,-0.4792
-0.46133,1,0.19558,0.2182,0.34336,-0.92883
-0.37992,1,0.12167,-0.19876,-0.014387,-0.077994
-0.34445,1,-0.14311,0.1084,0.1845,-0.27543
-0.30899,1,-0.33136,0.53585,-0.0061831,-0.3492
-0.27353,1,-0.059325,0.366,-0.19667,-0.3143
-0.23806,1,0.093662,-0.42803,0.22237,-0.0033172
-0.2026,1,0.20356,-0.13566,-0.097036,-0.16512
-0.45735,1,0.29342,-0.14036,-0.2475,-0.13233
-0.2026,1,-0.20727,-0.32628,0.13576,0.31398
-0.23661,1,-0.20097,0.02389,0.10234,-0.041074
-0.27063,1,0.40243,-0.24814,-0.24673,-0.14213
-0.30464,1,-0.16694,0.049359,-0.23242,0.18762
-0.33866,1,-0.19513,-0.28055,-0.077469,0.44087
-0.37267,1,0.21358,0.0071825,0.3734,-0.74096
-0.45336,1,0.26029,0.10083,0.21629,-0.75787
-0.40668,1,-0.12614,-0.025637,0.27838,-0.22592
-0.4407,1,-0.069178,-0.28769,-0.31414,0.51225
-0.47471,1,0.039512,-0.15382,-0.23858,0.17559
-0.50873,1,-0.23034,-0.09522,-0.1098,0.31389
-0.54274,1,-0.14313,0.30469,-0.30596,-0.045912
-0.57675,1,-0.080165,-0.27733,0.10314,0.14982
-0.18135,1,-0.090997,-0.25674,0.13617,0.12433
-0.17816,1,-0.24827,-0.018617,-0.29692,0.43439
-0.17497,1,0.12262,-0.13992,0.2637,-0.35614
-0.5555,1,0.12083,0.019362,-0.44812,0.10154
-0.52076,1,0.29526,0.26723,-0.43477,-0.38066
-0.48603,1,0.058711,0.2429,-0.53292,0.0071893
-0.45129,1,-0.21862,-0.0058764,-0.38972,0.47248
-0.41655,1,-0.43183,-0.25508,-0.20045,0.82309
-0.38181,1,0.19971,-0.28535,-0.21072,0.12979
-0.34707,1,0.23864,0.21656,-0.19357,-0.47217
-0.31233,1,0.12139,-0.074085,-0.094971,-0.10879
-0.27759,1,0.21357,-0.045467,0.22325,-0.52676
-0.24286,1,-0.20496,0.095769,-0.27553,0.24649
-0.20812,1,0.18837,0.079885,0.35165,-0.74559
-0.17338,1,-0.23281,-0.26522,-0.21553,0.61566
-0.17179,1,-0.1598,0.046569,0.10394,-0.085057
-0.1686,1,-0.12945,0.3497,-0.17435,-0.19961
-0.16541,1,0.58618,-0.11592,-0.08384,-0.60647
-0.53425,1,0.049456,-0.000086155,-0.13435,-0.049242
-0.15213,1,0.30352,0.21816,0.11003,-0.79529
-0.53106,1,-0.37068,0.058471,0.54273,-0.21566
-0.14894,1,0.39544,-0.13044,0.022747,-0.44622
-0.52787,1,-0.092101,-0.40608,0.26111,0.21217
-0.14575,1,0.033342,-0.15801,-0.02349,0.048748
-0.52628,1,-0.065494,-0.20923,0.24459,-0.015088
-0.49154,1,-0.24802,-0.46062,-0.052751,0.73003
-0.4568,1,-0.18105,-0.40668,0.064431,0.49085
-0.42206,1,-0.0099729,-0.10616,0.27623,-0.21875
-0.38733,1,0.21676,0.11672,0.099746,-0.56792
-0.35259,1,-0.29052,-0.093167,0.082584,0.26401
-0.31785,1,-0.12644,-0.2505,-0.076601,0.38277
-0.28311,1,0.22972,0.0077329,0.1191,-0.48243
-0.24837,1,-0.0086291,-0.094109,0.29606,-0.25075
-0.21363,1,-0.048946,0.50567,-0.23374,-0.38515
-0.1789,1,0.12079,0.28019,-0.24809,-0.32677
-0.14416,1,0.30721,0.018681,-0.44098,-0.091952
-0.52469,1,0.18903,-0.36587,0.22112,-0.12007
-0.14256,1,-0.074601,0.029163,-0.056912,0.0049585
-0.5215,1,0.18037,0.6616,-0.28992,-0.76615
-0.13938,1,-0.093263,-0.01079,-0.34892,0.3297
-0.51831,1,0.31238,-0.091919,0.09625,-0.44311
-0.13619,1,0.37304,-0.079909,-0.055744,-0.39302
-0.44134,1,0.19618,-0.46493,-0.15239,0.32639
-0.25028,1,0.13628,0.3101,0.66812,-1.1616
-0.21844,1,-0.14446,-0.13581,0.12832,0.12088
-0.18659,1,0.048375,-0.22647,0.27468,-0.13441
-0.47186,1,0.05957,0.070158,-0.062408,-0.1698
-0.28079,1,-0.30809,-0.15518,-0.28254,0.69477
-0.15342,1,-0.0676,-0.16932,0.098539,0.095083
-0.50237,1,-0.10693,-0.06306,-0.021328,0.13291
-0.31131,1,-0.24429,-0.33675,0.23086,0.36634
-0.12025,1,-0.074933,-0.099463,-0.051497,0.16148
-0.50237,1,0.26575,0.067619,-0.12377,-0.35174
-0.12025,1,-0.29798,-0.21005,-0.042703,0.53265
-0.30777,1,-0.138,0.39991,0.13516,-0.46457
-0.49883,1,0.22028,-0.23787,-0.10561,0.018346
-0.11671,1,-0.28746,0.10195,-0.22724,0.34953
-0.30423,1,-0.01446,0.07489,-0.21328,0.052248
-0.49529,1,0.049996,-0.053728,-0.34829,0.23472
-0.11316,1,-0.04632,-0.16142,0.034145,0.12675
-0.30068,1,0.17461,-0.05038,0.15094,-0.34936
-0.49175,1,0.070888,0.69048,-0.038946,-0.86109
-0.30068,1,-0.30552,0.0905,0.092572,0.10872
-0.10962,1,-0.096364,-0.068745,-0.066766,0.17723
-0.45857,1,-0.01305,0.64432,0.067895,-0.80622
-0.3312,1,0.05465,-0.080915,0.26648,-0.27708
-0.14014,1,-0.087744,-0.24432,0.27765,0.055128
-0.4254,1,-0.13487,0.22455,0.28906,-0.40466
-0.39356,1,0.14547,0.11066,0.094793,-0.43722
-0.36171,1,-0.31841,-0.059158,-0.17032,0.51899
-0.17065,1,-0.27855,-0.13048,0.40505,0.043648
-0.093684,1,0.094472,-0.07941,0.021151,-0.094864
-0.090496,1,-0.25134,-0.18084,-0.44076,0.82634
-0.087308,1,0.012253,0.067233,-0.21087,0.05292
-0.46784,1,-0.28388,-0.13833,0.56037,-0.057197
-0.4331,1,0.40364,0.19325,0.098548,-0.80903
-0.39836,1,-0.16311,-0.12769,-0.31636,0.56166
-0.36362,1,-0.12897,0.12296,0.05508,-0.075111
-0.32888,1,-0.052178,-0.18304,-0.23719,0.42267
-0.29414,1,-0.22976,0.43437,0.25728,-0.47162
-0.25941,1,-0.12782,0.027246,0.49507,-0.36006
-0.22467,1,-0.27458,0.12619,-0.010275,0.14832
-0.18993,1,-0.048854,-0.1279,-0.2981,0.41286
-0.15519,1,-0.28297,0.037465,0.14994,0.11294
-0.12045,1,0.30772,0.55981,0.037046,-1.0388
-0.085714,1,0.25956,0.027418,0.015629,-0.38951
-0.08412,1,0.14172,0.30826,-0.044511,-0.50094
-0.080932,1,-0.17682,-0.30016,-0.29774,0.75209
-0.077745,1,0.0050272,0.045105,-0.37695,0.24071
-0.44658,1,0.26131,0.044969,0.20111,-0.55252
-0.064462,1,-0.024753,-0.44578,-0.22934,0.68841
-0.4434,1,-0.25964,-0.43252,-0.10797,0.84391
-0.061274,1,-0.19059,0.16293,0.14367,-0.10022
-0.44021,1,0.0079902,-0.035004,-0.014044,0.024084
-0.058086,1,-0.06633,-0.13914,-0.27821,0.45521
-0.43861,1,0.00091612,0.2108,-0.15856,-0.10426
-0.40388,1,-0.038899,0.012846,-0.023039,0.036511
-0.36914,1,-0.12654,0.2532,0.29048,-0.3965
-0.3344,1,-0.57373,0.25356,0.18824,0.21344
-0.29966,1,0.18839,0.081194,-0.16386,-0.17793
-0.26492,1,-0.094548,0.056867,0.0016537,0.032064
-0.23018,1,-0.098803,0.40209,0.24448,-0.549
-0.19545,1,-0.0011801,-0.23741,-0.1753,0.39652
-0.16071,1,-0.16476,0.39708,-0.049507,-0.20833
-0.12597,1,0.060981,-0.081476,0.40803,-0.35699
-0.091231,1,-0.12558,0.055922,0.35029,-0.23735
-0.056492,1,-0.1415,0.21515,0.37553,-0.41282
-0.43702,1,0.11355,0.19988,-0.1767,-0.20604
-0.054898,1,-0.11298,0.14632,-0.25776,0.18667
-0.43383,1,-0.03976,0.019904,-0.068484,0.074593
-0.051711,1,0.1843,-0.22697,-0.37609,0.35068
-0.43065,1,0.23871,-0.42837,0.19057,0.0095839
-0.048523,1,0.22052,-0.17816,-0.17847,0.085263
-0.35368,1,-0.30884,0.25372,-0.19557,0.26353
-0.31728,1,0.12843,-0.022662,0.080258,-0.18968
-0.28089,1,-0.03585,-0.361,-0.038724,0.47119
-0.2445,1,0.25986,0.1485,0.048998,-0.49984
-0.20811,1,-0.27846,0.56287,0.30455,-0.54515
-0.17171,1,0.077123,0.1987,0.038881,-0.33244
-0.13532,1,0.31421,-0.030423,0.048897,-0.36995
-0.098927,1,-0.023792,0.057222,-0.28998,0.22682
-0.098927,1,0.16337,-0.36512,-0.047026,0.25109
-0.38419,1,-0.30151,0.089213,0.095634,0.17776
-0.065755,1,0.29118,-0.25835,-0.015752,-0.039045
-0.41471,1,0.14456,-0.16789,0.26498,-0.21154
-0.032584,1,-0.15127,0.16698,0.037489,-0.028554
-0.41471,1,0.21962,-0.15499,0.30718,-0.34992
-0.029042,1,0.0042266,0.015666,0.39908,-0.36068
-0.41116,1,0.19259,-0.42052,0.24373,0.027354
-0.0255,1,0.12382,0.099114,0.15196,-0.3691
-0.40762,1,-0.25995,0.083567,0.17623,0.072952
-0.021958,1,0.18998,-0.15835,0.18818,-0.19664
-0.40408,1,0.27148,0.030721,-0.081664,-0.25823
-0.021958,1,-0.073095,0.27283,-0.5783,0.31822
-0.37091,1,0.19466,-0.032562,-0.035183,-0.1401
-0.052473,1,-0.45649,0.42561,0.41242,-0.27023
-0.33774,1,0.14411,-0.33259,-0.50835,0.65983
-0.082988,1,0.23074,-0.60793,-0.14562,0.53717
-0.32445,1,0.58519,-0.23944,-0.068283,-0.32779
-0.13339,1,0.27503,-0.15031,-0.1285,-0.010047
-0.10155,1,-0.012276,-0.11825,-0.35776,0.4913
-0.069705,1,-0.15758,0.20309,-0.2238,0.19589
-0.35497,1,-0.020433,0.23328,0.18786,-0.35694
-0.16391,1,-0.19353,0.15838,-0.20325,0.26922
-0.036534,1,-0.069825,-0.096241,0.15933,0.081185
-0.38548,1,-0.27843,-0.35466,0.218,0.55252
-0.19442,1,0.049047,-0.12706,0.053304,0.070639
-0.0033619,1,-0.052838,-0.15964,-0.035062,0.30207
-0.38548,1,-0.19689,-0.23583,-0.015178,0.53443
-0.0033619,1,-0.43157,0.20571,-0.22585,0.51636
-0.19088,1,-0.29979,-0.15862,0.21944,0.36809
-0.38194,1,0.15478,0.17248,-0.097951,-0.23911
0.00018015,1,0.24115,0.059207,0.30902,-0.57525
-0.18734,1,-0.16909,0.1453,0.36819,-0.23922
-0.3784,1,0.2867,0.17309,-0.079666,-0.40587
0.0037222,1,0.21184,-0.48312,0.22852,0.11833
-0.1838,1,-0.1257,0.24107,0.1035,-0.15681
-0.37486,1,0.21627,-0.12975,-0.055606,-0.014792
-0.1838,1,-0.11699,-0.031225,-0.013001,0.22929
0.0072642,1,0.093148,-0.044042,-0.26103,0.21664
-0.34169,1,-0.14999,0.1893,-0.18884,0.18568
-0.21431,1,0.3434,-0.28105,-0.045411,-0.0071264
-0.023251,1,-0.10446,0.17438,-0.013434,-0.0054466
-0.30851,1,-0.19598,0.010723,-0.034614,0.29759
-0.27667,1,0.10381,-0.096689,0.036561,0.0020143
-0.24483,1,-0.26604,0.0027825,0.012718,0.34608
-0.053766,1,0.041832,-0.087453,0.0022256,0.094369
-0.35148,1,-0.02305,-0.001197,0.31283,-0.17577
-0.35095,1,-0.052303,-0.012452,0.32979,-0.14396
-0.35042,1,0.1456,0.10013,-0.1976,-0.031521
-0.17361,1,0.020577,0.051498,0.21824,-0.61295
-0.13887,1,0.34826,0.26173,0.09654,-1.1141
-0.10413,1,0.43551,-0.014185,-0.036421,-0.80105
-0.069396,1,-0.031571,0.40097,0.43063,-1.1161
-0.034657,1,-0.35156,0.25452,0.22667,-0.40632
0.000081307,1,-0.093378,-0.39232,0.019018,0.17374
0.03482,1,-0.029121,0.27201,0.25191,-0.82264
0.069558,1,-0.22794,-0.10208,-0.06037,0.086968
0.1043,1,0.12184,0.35701,0.056281,-0.91803
0.13903,1,0.11705,0.00045234,-0.15456,-0.34235
0.17377,1,-0.27905,0.001394,-0.26592,0.21553
0.20851,1,-0.051797,-0.41046,0.048236,0.11922
-0.17042,1,-0.16673,-0.19472,-0.12665,0.17712
-0.16724,1,0.2346,0.18765,0.27833,-1.0554
-0.16405,1,0.11532,-0.25514,-0.28592,0.060433
-0.16086,1,-0.17171,-0.17564,0.061647,0.0062485
-0.15767,1,-0.14425,0.25169,-0.24529,-0.21376
-0.14439,1,-0.1474,-0.20442,-0.46759,0.49068
0.23773,1,-0.032304,-0.18583,-0.47758,0.34545
-0.1412,1,0.087749,0.065855,-0.035733,-0.45119
0.24092,1,-0.13377,0.29512,0.14602,-0.60058
-0.13801,1,0.077503,-0.35561,-0.14433,0.11416
0.24411,1,-0.14067,-0.52812,0.16765,0.27988
-0.13642,1,-0.1309,-0.19541,0.37175,-0.26836
-0.10168,1,-0.01492,0.12729,-0.057238,-0.37435
-0.066943,1,0.39197,0.47487,-0.008264,-1.266
-0.032204,1,-0.10567,0.020499,-0.17247,-0.052187
0.0025342,1,0.39858,-0.058887,-0.26427,-0.47265
0.037273,1,-0.18912,-0.10407,-0.35004,0.33548
0.072011,1,0.010273,0.31331,-0.088435,-0.57695
0.10675,1,0.11153,-0.61344,0.13084,0.11239
0.14149,1,-0.19239,0.012994,0.12222,-0.20228
0.17623,1,0.11537,-0.13535,-0.28838,-0.039342
0.21096,1,-0.36111,0.42484,-0.2375,-0.13401
0.2457,1,-0.35102,-0.2107,0.34627,0.026705
-0.13483,1,-0.017387,-0.28556,0.036341,-0.0067015
0.2473,1,0.24826,-0.26094,0.16978,-0.45975
-0.13164,1,0.28725,0.14484,0.021729,-0.80964
0.25048,1,0.24693,0.030217,0.15629,-0.75735
-0.12845,1,0.017968,-0.25049,-0.15951,0.092833
0.25367,1,0.19611,0.17048,-0.014229,-0.69646
-0.11517,1,-0.032361,-0.52698,-0.38904,0.66473
-0.080429,1,-0.18516,-0.14951,-0.13077,0.20816
-0.04569,1,-0.034256,0.26,0.019673,-0.54161
-0.010952,1,-0.18072,-0.065682,0.16954,-0.15151
0.023786,1,0.092997,-0.39536,0.06471,-0.022156
0.058525,1,0.42795,0.27895,0.16019,-1.2235
0.075894,1,0.06963,-0.20155,-0.4245,0.22606
0.093263,1,0.13051,0.28927,-0.18577,-0.58429
0.128,1,0.20939,-0.0051685,0.1164,-0.62409
0.16274,1,0.23602,0.14847,-0.40479,-0.36258
0.19748,1,-0.14313,-0.13377,-0.30474,0.29523
0.23222,1,-0.062711,-0.35671,-0.15865,0.31374
0.26696,1,-0.46387,0.11672,0.16862,-0.018001
0.26696,1,-0.10284,-0.1199,0.18425,-0.19659
-0.11198,1,0.15381,-0.051623,0.22324,-0.60006
0.27014,1,-0.13846,0.12484,-0.098828,-0.16714
0.079436,1,0.38126,0.10432,0.34021,-1.1355
-0.10879,1,-0.65218,-0.13832,-0.1605,0.77206
0.27333,1,0.044524,0.22915,0.20959,-0.76067
0.082978,1,0.19452,-0.40559,0.072052,-0.12871
-0.1056,1,-0.28496,0.28078,0.32701,-0.53302
0.27652,1,-0.16364,-0.01737,0.08483,-0.13956
0.08652,1,0.19965,-0.1885,0.064866,-0.3591
-0.10242,1,-0.14,0.43684,-0.20492,-0.39924
0.27971,1,0.46334,-0.10563,0.065841,-0.75415
-0.099228,1,-0.27327,-0.009236,-0.034992,0.090926
0.28289,1,0.034907,-0.088674,-0.046264,-0.1721
-0.022258,1,0.14705,-0.09913,0.41735,-0.68581
0.1688,1,-0.032388,0.17679,0.17703,-0.5634
0.20065,1,-0.072622,0.221,0.011085,-0.41837
0.23249,1,0.087327,0.089232,0.14484,-0.57995
-0.052774,1,-0.29105,-0.34607,0.3744,0.12958
0.13829,1,-0.015225,0.04923,-0.12217,-0.18134
0.26566,1,-0.15267,-0.14232,-0.11696,0.18072
-0.083289,1,0.07403,-0.28703,-0.19331,0.14147
0.10777,1,-0.2051,0.31744,-0.14077,-0.23209
0.29883,1,-0.30245,-0.051275,0.34645,-0.14935
-0.083289,1,0.40554,-0.17968,0.11195,-0.62856
0.29883,1,0.048409,0.35419,0.035083,-0.7214
0.11131,1,0.11076,-0.27319,-0.54329,0.39504
-0.079747,1,0.086756,0.092135,-0.18065,-0.29007
0.30238,1,-0.77837,-0.18871,-0.015198,0.8743
0.11486,1,-0.13038,0.040836,0.095519,-0.22134
-0.076205,1,-0.17589,0.18561,0.096205,-0.3252
0.30592,1,-0.63266,0.28616,0.3328,-0.11014
0.1184,1,0.33219,0.1972,0.066388,-0.89927
-0.072663,1,0.21128,0.38143,-0.082929,-0.82605
0.1184,1,-0.36302,0.11383,-0.52801,0.52241
0.30946,1,-0.033336,0.20082,0.21531,-0.60873
-0.039491,1,0.11991,0.42728,0.15919,-0.98076
0.087883,1,-0.19075,-0.19362,-0.026213,0.21376
0.27894,1,0.1167,-0.041276,-0.22244,-0.13589
-0.0063193,1,-0.020062,0.012136,0.22588,-0.42725
0.025524,1,-0.14753,-0.19297,-0.31274,0.41601
0.057368,1,0.31205,0.03737,0.17349,-0.79491
0.24843,1,-0.28957,0.019735,0.028294,0.051943
0.078089,1,0.15405,0.15491,-0.37749,-0.23287
0.20546,1,0.22803,-0.18921,0.51071,-0.72862
0.07862,1,0.36151,-0.049392,0.29623,-0.84573
0.20599,1,-0.022822,-0.1725,-0.098983,0.081899
0.079151,1,-0.39006,-0.084189,-0.10512,0.41992
0.20653,1,-0.33485,-0.29023,-0.53519,0.95614
0.0017197,1,0.19339,0.34496,0.47403,-1.1819
0.036458,1,0.10816,-0.32921,-0.11251,0.16045
0.071197,1,-0.046108,0.025916,0.15348,-0.27707
0.10593,1,0.28532,-0.16855,-0.26372,-0.086111
0.14067,1,-0.074058,-0.065901,0.028463,-0.035549
0.17541,1,0.37001,-0.32687,-0.055459,-0.19696
0.21015,1,0.27131,0.11635,-0.40401,-0.25387
0.24489,1,-0.16694,-0.17071,-0.10688,0.30464
0.27963,1,-0.29983,0.068926,0.23664,-0.10132
0.31437,1,-0.09071,0.14208,-0.11903,-0.11089
0.3491,1,-0.23045,-0.0090967,0.051021,0.065336
0.38384,1,0.15085,0.037854,-0.34759,-0.078586
0.0049075,1,-0.26784,0.21862,0.044317,-0.1278
0.0080954,1,0.061805,-0.11211,0.27893,-0.35771
0.011283,1,-0.041923,-0.2262,0.39161,-0.20981
0.014471,1,0.14815,-0.15021,-0.30198,0.1
0.017659,1,-0.058862,-0.21803,-0.032942,0.1807
0.030941,1,0.14161,-0.39587,0.11264,0.024434
0.41306,1,0.23816,0.3226,-0.17808,-0.60754
0.034129,1,0.25095,-0.35834,-0.14221,0.083929
0.41625,1,-0.077668,-0.19734,-0.033716,0.19727
0.037317,1,-0.06742,-0.32487,-0.3831,0.63331
0.41944,1,0.02721,0.24249,0.047118,-0.46729
0.038911,1,-0.061782,-0.065633,-0.087321,0.088531
0.073649,1,-0.26908,0.091248,-0.17828,0.24048
0.10839,1,-0.057829,0.12342,0.11826,-0.30083
0.14313,1,-0.18682,-0.063534,-0.22153,0.34979
0.17786,1,-0.056358,-0.019679,0.37683,-0.37548
0.2126,1,-0.16052,0.22496,-0.5151,0.26601
0.24734,1,-0.12125,0.12376,0.0060553,-0.12873
0.28208,1,-0.14596,-0.2979,0.076622,0.29296
0.31682,1,0.23038,0.23231,-0.18205,-0.48967
0.35156,1,0.037004,0.45453,0.078285,-0.73331
0.3863,1,-0.11547,-0.18841,0.33559,-0.088369
0.42103,1,0.19757,-0.13525,0.34951,-0.52228
0.040505,1,0.24109,-0.33062,-0.24093,0.15862
0.42263,1,0.23268,0.047147,-0.043948,-0.41241
0.043693,1,-0.014873,-0.0081207,-0.24826,0.11813
0.42582,1,0.13221,0.39214,0.39271,-1.0485
0.046881,1,-0.15984,-0.00075062,0.0012421,0.06267
0.429,1,-0.27425,0.12337,-0.32332,0.34726
0.060163,1,0.22313,-0.076558,-0.10591,-0.19386
0.094902,1,0.20743,0.022716,-0.35904,-0.060139
0.12964,1,-0.40003,-0.029527,-0.31019,0.66025
0.16438,1,0.35995,-0.0024577,0.088639,-0.6041
0.19912,1,-0.15363,-0.37853,-0.11062,0.57459
0.23386,1,-0.17829,0.35385,0.2903,-0.53948
0.25122,1,-0.22434,0.09252,0.12351,-0.057253
0.26859,1,-0.20369,0.14758,-0.09775,0.053843
0.30333,1,-0.41281,0.041294,-0.2429,0.53954
0.33807,1,-0.11175,0.24881,-0.015515,-0.23469
0.37281,1,-0.12286,-0.13447,-0.37984,0.51215
0.40755,1,0.12246,-0.035687,-0.22028,-0.020233
0.44229,1,0.10395,-0.17276,-0.078803,0.024809
0.44229,1,-0.029153,-0.39368,-0.66577,0.9342
0.063351,1,0.22821,0.11862,-0.12403,-0.39128
0.44547,1,-0.24534,0.15658,0.13269,-0.10685
0.25477,1,0.46587,-0.20198,-0.23,-0.2284
0.066539,1,0.047946,-0.50278,-0.049405,0.42655
0.44866,1,0.048835,0.17827,0.14142,-0.47714
0.25831,1,-0.29854,-0.10985,-0.32156,0.64581
0.069727,1,0.34725,0.22977,0.039428,-0.78716
0.45185,1,0.10839,0.014837,0.2343,-0.44861
0.26185,1,-0.36056,-0.19506,-0.27692,0.7742
0.072915,1,0.067807,0.04349,0.28761,-0.47601
0.45504,1,0.30122,-0.44561,0.16176,-0.10923
0.076102,1,-0.10375,0.27268,0.022412,-0.28731
0.45822,1,0.1409,0.017291,-0.16884,-0.12829
0.15307,1,0.37936,-0.17376,0.083734,-0.40859
0.34413,1,-0.074937,-0.23458,-0.083677,0.33294
0.37598,1,-0.26745,0.047895,0.15333,0.043797
0.40782,1,-0.21153,-0.30245,-0.12831,0.60439
0.12256,1,0.094526,-0.33691,0.046612,0.13289
0.31362,1,0.06808,-0.28125,-0.2625,0.37541
0.44099,1,0.081397,0.25887,-0.027212,-0.42977
0.092041,1,-0.016068,-0.051423,0.24862,-0.22275
0.2831,1,-0.15763,-0.70586,-0.006928,0.87285
0.47416,1,0.249,-0.12663,0.14809,-0.36168
0.092041,1,0.089281,-0.36012,-0.53797,0.67937
0.47416,1,-0.052931,0.21736,-0.33154,0.040251
0.28664,1,0.19042,0.025009,0.16496,-0.46846
0.095583,1,0.2271,0.23662,0.44409,-0.98491
0.47771,1,0.096014,0.042881,-0.17358,-0.0802
0.29019,1,-0.067841,0.085216,0.15109,-0.21715
0.099126,1,-0.00044966,-0.16063,0.26617,-0.1315
0.48125,1,0.19488,-0.09957,-0.25622,0.034611
0.29373,1,-0.20032,0.15115,-0.39754,0.35178
0.10267,1,0.37934,0.6248,-0.43328,-0.80246
0.29373,1,-0.31019,0.13757,0.094699,0.061489
0.48479,1,-0.24621,-0.083757,0.22159,0.11427
0.13584,1,0.086909,0.0296,0.10155,-0.28886
0.26321,1,0.16199,0.13875,0.17,-0.55419
0.45427,1,-0.13425,-0.088479,-0.32358,0.46975
0.16901,1,0.39604,0.025336,-0.05493,-0.50511
0.20085,1,-0.29183,0.068479,0.056878,0.15056
0.2327,1,0.10513,0.042539,0.25185,-0.45486
0.42376,1,-0.058242,-0.047853,-0.020855,0.072587
0.093404,1,-0.13965,-0.21009,-0.072295,0.40735
0.12658,1,0.24676,-0.031748,-0.21597,-0.10713
0.15975,1,0.090839,-0.24709,-0.011706,0.1284
0.17705,1,0.48593,-0.16118,-0.095704,-0.30155
0.21179,1,-0.062821,-0.055888,0.02555,0.11685
0.24653,1,-0.39009,-0.042057,-0.21037,0.69024
0.28127,1,0.28438,-0.27064,0.47948,-0.45463
0.316,1,-0.20339,-0.25898,-0.22761,0.72218
0.35074,1,-0.23852,-0.047277,0.093052,0.25268
0.38548,1,0.17054,0.47589,0.03649,-0.73814
0.42022,1,-0.168,-0.16047,0.018416,0.35838
0.45496,1,-0.25633,0.021198,-0.006139,0.28674
0.4897,1,0.16436,0.13305,0.32781,-0.61718
0.52443,1,0.17626,0.10523,-0.016618,-0.29816
0.55917,1,-0.67492,-0.21377,-0.035282,1.053
0.55917,1,-0.12744,0.20703,-0.20731,0.11311
0.18037,1,0.13411,-0.12672,0.051553,-0.055486
0.56249,1,-0.13944,0.13874,0.022521,0.0019601
0.18369,1,-0.36126,0.36061,-0.10606,0.13707
0.56581,1,0.065409,0.11321,-0.16789,-0.038175
0.18701,1,-0.052488,-0.09917,-0.38569,0.52299
0.56913,1,0.094063,0.31568,-0.08074,-0.36333
0.19033,1,0.13732,0.022243,-0.21911,0.027911
0.57246,1,0.29834,-0.51632,0.33573,-0.066219
0.2235,1,0.18815,-0.23002,-0.10942,0.14581
0.54194,1,0.049495,0.23515,-0.028172,-0.26618
0.25668,1,0.45119,-0.28605,-0.51721,0.26002
0.25668,1,-0.077922,0.26011,0.14928,-0.29954
0.29307,1,0.47693,-0.15616,-0.33518,-0.070143
0.32946,1,0.29177,-0.064586,-0.23623,-0.040467
0.36585,1,0.088356,0.12636,-0.18892,-0.05137
0.40225,1,0.18827,0.2038,0.12598,-0.52808
0.43864,1,0.055458,-0.31239,0.026953,0.27053
0.47503,1,-0.12616,0.42639,-0.032537,-0.26296
0.51142,1,-0.19721,0.26125,0.12367,-0.13942
0.20627,1,0.17917,-0.0061694,-0.14992,-0.035186
0.24173,1,0.093128,0.20482,0.33875,-0.59167
0.2772,1,-0.030521,-0.16998,0.24116,0.043182
0.31266,1,-0.21008,0.31599,0.13951,-0.18212
0.34812,1,0.025385,0.10985,-0.099489,-0.022873
0.38359,1,-0.24484,-0.14664,0.56129,-0.011922
0.33763,1,0.11551,0.089397,0.034469,-0.22239
0.41905,1,0.0064218,-0.45733,0.22631,0.32617
0.45451,1,-0.3763,-0.03151,0.25886,0.2842
0.48998,1,-0.38173,0.64917,0.14395,-0.34218
0.52544,1,-0.1687,0.066832,-0.014259,0.17807
0.5609,1,-0.28715,0.25774,-0.18814,0.26354
0.59636,1,-0.15381,0.16355,0.11522,-0.056031
0.34162,1,0.29319,-0.20508,-0.36048,0.23978
0.59636,1,-0.1211,-0.31834,-0.065425,0.5847
0.56235,1,0.080913,0.29202,-0.29994,-0.10207
0.52834,1,-0.15363,-0.23271,0.2225,0.27843
0.49432,1,-0.017776,0.15635,-0.22519,0.094885
0.46031,1,0.2458,0.00077693,0.25074,-0.46174
0.42629,1,0.060968,-0.041362,0.27619,-0.22283
0.3456,1,0.091531,0.010838,0.13819,-0.19303
0.39228,1,-0.19378,0.20192,-0.088295,0.13234
0.35827,1,0.11484,0.07911,0.37266,-0.49891
0.32425,1,-0.18211,0.36317,-0.068083,-0.071577
0.29024,1,-0.061017,0.77612,-0.43693,-0.33304
0.25622,1,-0.14314,-0.48994,-0.17671,0.90053
0.22221,1,-0.11226,-0.23166,-0.11299,0.5306
0.23549,1,0.0086645,0.10853,-0.15724,0.074883
0.27023,1,-0.01347,0.27444,0.40133,-0.56952
0.30497,1,-0.11019,0.025029,0.054695,0.11695
0.33971,1,0.002922,0.00965,-0.098291,0.13642
0.37445,1,0.2344,-0.19972,-0.19274,0.17599
0.40919,1,0.23104,-0.28703,0.12768,-0.0076294
0.44392,1,-0.16001,0.0022214,0.27188,0.0085698
0.47866,1,0.0069891,0.26062,0.12178,-0.33261
0.5134,1,-0.28859,0.033927,0.15535,0.22646
0.54814,1,0.31457,0.46173,-0.027014,-0.77675
0.58288,1,-0.13821,-0.36631,-0.54089,1.0955
0.61762,1,0.064857,0.053009,0.038606,-0.10282
0.61762,1,0.19167,-0.16544,-0.13037,0.13388
0.5836,1,0.042786,0.16325,-0.039291,-0.12687
0.54959,1,-0.48475,-0.21243,-0.07827,0.92742
0.51557,1,-0.02922,0.020383,0.14516,-0.049665
0.48156,1,0.098059,-0.31454,0.017366,0.27668
0.44755,1,-0.064506,-0.11513,-0.31023,0.53947
0.41353,1,0.023091,0.0051958,-0.18362,0.19709
0.37952,1,-0.2267,0.013148,0.15812,0.17945
0.3455,1,-0.027004,0.12595,-0.16134,0.10693
0.31149,1,0.025175,-0.11037,-0.035125,0.19095
0.27748,1,-0.16161,0.12921,-0.57362,0.62401
0.24346,1,-0.23263,0.064185,-0.18112,0.43243
0.24346,1,-0.16498,-0.14769,0.15354,0.28807
0.27893,1,0.22743,-0.11208,0.22636,-0.27036
0.31439,1,0.080117,-0.35146,-0.21959,0.55221
0.34985,1,0.19767,-0.01192,0.014371,-0.15596
0.38531,1,-0.52373,0.14124,0.068382,0.47156
0.42078,1,0.11224,0.43779,0.030019,-0.55411
0.45624,1,0.26132,-0.104,-0.18556,0.047271
0.4917,1,-0.11008,-0.017195,-0.043941,0.26202
0.52717,1,0.048728,-0.00038969,-0.10529,0.11373
0.56263,1,-0.071525,0.19271,0.32017,-0.32805
0.59809,1,-0.14505,0.11015,0.14332,0.002815
0.63356,1,-0.2423,0.052982,0.13248,0.18792
0.25143,1,0.18349,-0.19913,0.017605,0.065438
0.28617,1,-0.037987,0.047998,0.098532,-0.014619
0.32091,1,0.26857,0.15254,-0.15089,-0.26488
0.35565,1,0.18085,-0.11812,0.0055205,-0.0082765
0.39039,1,-0.42023,0.25886,-0.32641,0.57634
0.42512,1,0.10144,-0.16113,0.013824,0.12325
0.45986,1,-0.12769,0.093795,0.24635,-0.089614
0.4946,1,-0.16055,-0.1878,-0.11279,0.56826
0.52934,1,-0.098941,0.38108,0.077667,-0.28474
0.56408,1,0.00036322,-0.18195,0.068657,0.21514
0.59882,1,0.011606,-0.19323,0.10455,0.18266
0.63356,1,-0.19696,-0.056588,0.092604,0.28845
0.26472,1,0.2774,0.10366,-0.23765,-0.13296
0.29945,1,0.017138,-0.26314,-0.41801,0.72429
0.33419,1,0.17587,0.2773,0.34755,-0.71672
0.36893,1,0.010436,0.079114,-0.085276,0.07023
0.40367,1,-0.091096,-0.090393,0.32411,0.011326
0.43841,1,-0.17567,0.34584,-0.41567,0.28952
0.47315,1,0.14465,0.233,-0.26018,-0.098224
0.50788,1,-0.25191,0.1647,-0.022389,0.2279
0.54262,1,0.033485,-0.14392,-0.15471,0.34512
0.57736,1,-0.095124,-0.14498,-0.095721,0.44406
0.6121,1,0.45228,-0.35232,-0.094285,0.029456
0.64684,1,-0.053459,-0.52829,0.029199,0.69934
0.64684,1,0.39533,-0.056318,-0.037107,-0.27392
0.61632,1,-0.27781,0.027976,-0.022297,0.40681
0.58581,1,0.19573,-0.04362,0.59441,-0.60798
0.55529,1,0.063511,0.27449,-0.22737,-0.073462
0.52478,1,-0.013308,0.0090508,0.13011,-0.010659
0.49426,1,0.037986,0.21784,0.027667,-0.20424
0.46375,1,-0.12939,0.19158,-0.099931,0.13239
0.43323,1,0.13523,0.12547,0.15183,-0.32429
0.40272,1,0.060843,0.036705,0.10265,-0.097384
0.3722,1,-0.039774,0.14799,0.038395,-0.042552
0.34169,1,0.18073,-0.20926,0.28453,-0.12879
0.31117,1,0.44266,-0.07526,-0.39128,0.017325
0.28065,1,-0.048576,-0.16837,0.49328,-0.086971
0.31539,1,-0.37869,0.19908,-0.17794,0.49093
0.35013,1,0.071444,-0.012066,0.17017,-0.1112
0.38487,1,0.16618,-0.072892,0.067388,-0.065449
0.41961,1,-0.041707,0.13305,-0.044106,0.052308
0.45435,1,-0.054707,0.0548,0.15695,-0.024911
0.48909,1,0.4994,-0.16175,0.072149,-0.36155
0.52382,1,-0.028452,0.099264,0.053757,-0.012711
0.55856,1,0.094064,0.024606,-0.26857,0.20868
0.5933,1,0.26654,0.025911,0.28983,-0.48444
0.62804,1,0.61547,-0.2131,-0.18436,-0.21569
0.66278,1,0.32311,-0.037596,0.13735,-0.34767
0.32316,1,0.40035,0.19753,0.15934,-0.6685
0.3579,1,-0.24892,-0.24572,-0.36901,1.0299
0.39264,1,-0.16283,0.16109,0.29529,-0.093295
0.42737,1,-0.58314,0.016193,-0.20051,0.98815
0.46211,1,0.17695,0.11725,-0.38125,0.15344
0.49685,1,0.24226,0.54537,-0.38885,-0.37784
0.53159,1,-0.33309,0.13419,0.10497,0.30123
0.56633,1,-0.10676,0.36872,-0.19431,0.047909
0.60107,1,0.11736,-0.19035,-0.024016,0.24059
0.6358,1,-0.053444,-0.04551,0.0813,0.19048
0.67054,1,-0.39143,0.1236,0.15279,0.33849
0.70528,1,0.16775,-0.015304,-0.4496,0.36727
0.32635,1,0.067714,0.055781,0.34091,-0.28492
0.32953,1,0.047236,-0.064427,-0.027179,0.19543
0.33272,1,-0.091983,0.13123,-0.29518,0.38514
0.33591,1,0.0055007,-0.16749,-0.12762,0.44984
0.3391,1,0.099415,0.31124,0.23445,-0.49121
0.35238,1,-0.26535,-0.069549,-0.015004,0.57667
0.7345,1,-0.1489,0.020871,0.11715,0.22738
0.35557,1,0.12288,-0.049013,0.30581,-0.17624
0.73769,1,0.21218,-0.32981,-0.63126,0.84677
0.35876,1,-0.36287,0.10283,0.16375,0.35331
0.74088,1,-0.16852,0.22356,0.46361,-0.2668
0.36035,1,0.1283,0.022496,-0.15591,0.15102
0.39509,1,-0.3416,0.12429,-0.14214,0.57593
0.42983,1,0.20576,0.056819,-0.29915,0.14978
0.46457,1,0.12983,0.17509,0.068024,-0.21232
0.4993,1,0.28051,-0.43332,0.087189,0.25196
0.53404,1,0.56383,-0.027366,0.010799,-0.44863
0.56878,1,0.063226,-0.27613,-0.16211,0.55442
0.60352,1,-0.002389,0.000040263,-0.1114,0.28821
0.63826,1,-0.32973,-0.069923,0.049756,0.60295
0.673,1,-0.070766,-0.078968,-0.21487,0.54401
0.70773,1,-0.084904,0.47403,-0.08945,-0.1465
0.74247,1,0.19215,-0.33103,-0.0066147,0.32689
0.36194,1,0.15948,0.30582,-0.089205,-0.24806
0.74407,1,0.16254,0.147,-0.029415,-0.13282
0.36513,1,0.11247,-0.28867,0.05509,0.32441
0.74725,1,-0.15955,0.25057,0.19366,-0.062724
0.36832,1,0.12939,-0.19594,-0.33062,0.54695
0.75044,1,-0.26948,0.40464,-0.079085,0.14194
0.3816,1,-0.31666,0.23004,-0.27217,0.56819
0.41634,1,-0.046676,-0.45361,-0.30627,1.0216
0.45108,1,-0.10994,-0.12359,-0.50156,0.91088
0.48582,1,-0.41373,-0.16286,-0.10905,0.96168
0.52056,1,-0.23652,0.37924,0.18538,-0.088372
0.55529,1,-0.078318,0.03528,-0.012306,0.27247
0.57266,1,0.17509,0.21746,0.24442,-0.44475
0.59003,1,-0.15748,-0.047757,-0.2012,0.62029
0.62477,1,0.41661,0.13386,-0.062538,-0.36573
0.65951,1,0.22253,0.1718,0.014401,-0.24844
0.69425,1,-0.054288,0.099166,0.28252,-0.083662
0.72899,1,-0.040994,0.090576,0.12983,0.044395
0.76372,1,0.17755,0.082572,-0.014018,-0.074831
0.76372,1,-0.091669,0.41973,0.13122,-0.25302
0.38479,1,-0.2682,0.039518,0.25003,0.26137
0.76691,1,0.48303,0.12972,-0.14857,-0.35975
0.57621,1,0.029088,0.30153,-0.13361,-0.029639
0.38798,1,0.15389,-0.00065185,0.18976,-0.13035
0.7701,1,-0.12764,0.019825,-0.1733,0.49441
0.57975,1,-0.22351,0.055833,0.076257,0.34842
0.39117,1,-0.23411,0.20201,-0.35615,0.58568
0.77329,1,-0.22953,0.19216,0.2596,0.049569
0.58329,1,-0.19603,-0.41951,-0.01802,0.91573
0.39435,1,-0.20308,-0.0037131,-0.26493,0.6945
0.77648,1,-0.20492,-0.2234,0.49257,0.26764
0.39754,1,-0.089659,-0.0030521,0.18299,0.1711
0.77966,1,-0.10386,-0.035025,0.06866,0.32266
0.47451,1,0.37296,0.067435,0.47225,-0.68453
0.66557,1,0.37253,-0.1353,-0.08375,0.023613
0.69742,1,-0.10722,0.46406,0.36651,-0.46067
0.72926,1,0.45824,-0.22341,0.12455,-0.16422
0.444,1,-0.093144,0.2868,0.052414,-0.0083072
0.63506,1,0.050031,-0.10868,0.099548,0.21036
0.76243,1,-0.26957,0.25587,0.16691,0.12971
0.41348,1,-0.040593,0.2211,-0.044376,0.08785
0.60454,1,0.31705,0.15437,-0.064682,-0.23851
0.7956,1,-0.45589,0.038508,-0.14774,0.85907
0.41348,1,-0.056662,0.34296,0.051469,-0.10922
0.7956,1,-0.29899,0.33093,0.13277,0.1143
0.60808,1,0.034658,-0.26482,0.16839,0.34101
0.41702,1,-0.023746,0.067245,0.054511,0.15081
0.79915,1,0.059615,-0.14209,-0.33336,0.62072
0.61163,1,0.27931,0.07856,0.16097,-0.30419
0.42056,1,0.10706,0.35591,0.011368,-0.27144
0.80269,1,0.027799,0.32562,0.41364,-0.50023
0.61517,1,-0.40199,0.28158,0.03289,0.38577
0.42411,1,-0.049114,0.16771,0.07564,0.060372
0.61517,1,-0.2267,-0.23179,0.049135,0.72142
0.80623,1,-0.20962,0.27458,0.46891,-0.21394
0.45728,1,-0.0081355,-0.0057138,0.18667,0.1035
0.58465,1,0.080073,0.029633,-0.033147,0.15598
0.77571,1,-0.39119,0.13081,-0.23919,0.77643
0.49045,1,-0.096459,-0.085257,-0.0079797,0.46458
0.52229,1,0.03736,0.033806,-0.052571,0.21958
0.55414,1,-0.42446,-0.34732,0.055427,1.0733
0.7452,1,-0.13739,0.14032,-0.34879,0.56848
0.41484,1,-0.035046,-0.20832,-0.13232,0.65497
0.44802,1,-0.056056,-0.17682,-0.042684,0.56793
0.48119,1,0.07926,-0.15375,0.1153,0.24796
0.80292,1,0.13181,-0.013269,0.11124,-0.57843
0.80611,1,0.27733,0.24722,-0.46852,-0.51592
0.8093,1,0.15557,0.16118,0.31243,-0.96489
0.42877,1,0.051984,-0.23869,-0.12259,-0.028794
0.46351,1,0.12959,-0.21102,-0.34964,0.050674
0.49825,1,0.4728,0.12761,-0.40475,-0.66569
0.53299,1,0.039057,0.0089313,-0.41634,-0.022656
0.56773,1,-0.47944,-0.071329,-0.34997,0.60902
0.60246,1,0.59479,-0.19458,-0.046306,-0.77518
0.6372,1,-0.10732,-0.081104,-0.5641,0.37478
0.67194,1,-0.11231,-0.19077,0.25359,-0.22006
0.70668,1,-0.39054,-0.31235,0.17526,0.3038
0.74142,1,-0.30872,0.30659,0.21919,-0.49789
0.77616,1,0.25573,0.3112,0.21973,-1.1603
0.81089,1,0.099045,-0.2769,0.37313,-0.47821
0.81249,1,-0.0019903,0.063099,-0.02126,-0.37914
0.81568,1,-0.11622,0.041449,-0.067988,-0.17859
0.81886,1,-0.44397,-0.091058,0.048326,0.24671
0.45002,1,-0.28752,0.25784,0.24618,-0.47265
0.48476,1,0.13688,0.076194,-0.17964,-0.39614
0.5195,1,0.20038,0.05519,-0.55996,-0.11298
0.55424,1,-0.05206,0.51047,-0.56224,-0.30844
0.58898,1,0.28386,0.33202,0.23891,-1.2113
0.62372,1,-0.37226,-0.042561,0.27504,-0.075255
0.64109,1,0.14389,0.10555,-0.17453,-0.44047
0.65845,1,0.6337,0.02726,0.34539,-1.3832
0.69319,1,-0.0079935,-0.18627,-0.31211,0.17213
0.72793,1,-0.11765,-0.015611,0.14614,-0.28732
0.76267,1,-0.11065,-0.12318,0.17993,-0.20911
0.79741,1,-0.038137,-0.047764,0.25233,-0.43853
0.83215,1,0.26294,0.13999,0.056882,-0.81965
0.64427,1,-0.08648,0.44488,-0.37662,-0.35766
0.64746,1,-0.17451,-0.12565,-0.27963,0.27828
0.65065,1,0.035761,-0.035847,0.19259,-0.47538
0.65384,1,-0.052059,0.31708,-0.039093,-0.54712
0.46596,1,-0.26568,-0.47884,-0.15082,0.6617
0.5007,1,-0.057159,-0.011802,0.16185,-0.35985
0.53544,1,0.20182,-0.025522,-0.34592,-0.19997
0.57018,1,-0.057012,0.13534,0.0035211,-0.37956
0.60492,1,0.12527,-0.044898,0.088139,-0.47163
0.63966,1,0.12341,0.47019,-0.020469,-0.92976
0.65702,1,0.10402,-0.24333,-0.24936,0.063959
0.67439,1,-0.23171,-0.088118,0.23533,-0.13897
0.70913,1,-0.28009,0.11421,-0.084045,-0.020168
0.74387,1,-0.14873,-0.052182,-0.061903,-0.012963
0.77861,1,-0.13708,0.28482,0.28863,-0.69837
0.81335,1,0.046072,-0.31424,0.48444,-0.4373
0.84809,1,0.037902,0.075948,0.17854,-0.57983
0.47925,1,-0.084862,0.2296,-0.090694,-0.35287
0.51398,1,-0.55023,-0.23494,-0.22524,0.80828
0.54872,1,0.061651,-0.020613,-0.072207,-0.26965
0.58346,1,-0.15304,0.28968,-0.20645,-0.23656
0.6182,1,0.027653,0.2191,-0.45303,-0.15389
0.65294,1,0.34019,-0.27551,-0.050792,-0.33759
0.67031,1,-0.42587,-0.0073278,-0.1374,0.34071
0.68768,1,-0.044027,0.034569,0.087438,-0.34657
0.72241,1,0.00093953,0.087745,0.18626,-0.54317
0.75715,1,0.095219,-0.28796,0.034073,-0.11369
0.79189,1,0.21796,0.079846,0.035502,-0.65466
0.82663,1,-0.20854,-0.27296,0.25663,0.027947
0.86137,1,-0.08778,0.0012524,0.24668,-0.39972
0.86137,1,-0.029966,-0.010354,0.49689,-0.67449
0.48243,1,0.142,0.013088,0.12972,-0.57391
0.86456,1,-0.31216,-0.11009,-0.033749,0.23128
0.67385,1,-0.32579,0.13871,0.13309,-0.16766
0.48562,1,0.23647,0.16005,0.039328,-0.75979
0.86774,1,-0.33518,0.27058,0.091011,-0.25922
0.67739,1,0.027432,-0.10165,-0.10903,-0.10299
0.48881,1,-0.24187,-0.36985,-0.089951,0.4855
0.87093,1,-0.33717,0.0739,-0.28662,0.29052
0.68093,1,-0.34234,0.18082,0.038624,-0.10376
0.492,1,-0.016875,-0.0092895,-0.043161,-0.20338
0.87412,1,0.5041,-0.093385,0.172,-0.90813
0.49518,1,0.070703,-0.090241,0.21877,-0.44511
0.87731,1,-0.12832,-0.22649,-0.092082,0.20685
0.50847,1,-0.047406,-0.27557,-0.37976,0.43175
0.54321,1,0.2051,-0.085567,-0.18536,-0.23806
0.57794,1,-0.1974,0.37092,-0.24065,-0.21358
0.61268,1,-0.30307,0.43632,-0.12641,-0.26162
0.64742,1,-0.13124,0.1638,0.50167,-0.71978
0.68216,1,-0.13527,0.10879,-0.088623,-0.13672
0.69953,1,-0.28624,0.26607,0.15937,-0.34878
0.7169,1,0.17297,-0.031912,0.10524,-0.51407
0.75164,1,-0.15729,-0.36376,-0.67314,0.91275
0.78637,1,-8.1796E-006,-0.00042826,0.092806,-0.33581
0.82111,1,-0.02452,0.24476,0.10556,-0.58306
0.85585,1,0.27108,-0.17554,0.010876,-0.39031
0.89059,1,-0.19759,0.40396,-0.38165,-0.12503
0.89059,1,-0.21302,0.16277,-0.37271,0.14532
0.70285,1,0.18441,-0.19811,-0.38599,0.087152
0.89391,1,0.34951,0.097334,0.14825,-0.89353
0.70617,1,0.068868,-0.21375,0.21905,-0.29021
0.89723,1,0.041366,-0.057111,0.13801,-0.35597
0.7075,1,-0.18845,-4.8124E-006,0.088546,-0.10532
0.67698,1,-0.074973,-0.0011002,-0.51169,0.29289
0.70949,1,-0.42246,0.3264,-0.51721,0.34943
0.90055,1,0.26777,0.084295,-0.11405,-0.54711
0.64647,1,0.17128,-0.23279,0.14218,-0.31731
0.61595,1,0.083247,0.32418,0.083083,-0.76256
0.58544,1,0.0069357,0.14398,-0.0069894,-0.3988
0.71281,1,0.12079,-0.16069,0.019233,-0.22561
0.90387,1,-0.15218,0.17483,-0.22029,-0.059356
0.55492,1,-0.044831,-0.27107,0.052635,0.058186
0.74598,1,-0.17722,0.16761,0.12001,-0.32032
0.87336,1,0.36941,0.21796,-0.15614,-0.768
0.52441,1,-0.069628,0.29528,0.0026223,-0.47877
0.77915,1,-0.2375,0.22962,-0.12474,-0.10056
0.811,1,0.021736,0.026041,0.22373,-0.489
0.84284,1,-0.21071,0.32029,0.29178,-0.59581
0.53769,1,-0.15326,0.32024,0.21601,-0.58284
0.57243,1,0.12631,-0.040918,-0.37837,0.0041193
0.60717,1,-0.28817,-0.64893,-0.063948,0.86608
0.6419,1,0.2952,-0.023606,-0.054348,-0.49601
0.67664,1,0.19118,-0.20531,-0.11431,-0.12617
0.71138,1,0.088651,0.31315,0.017545,-0.68221
0.72875,1,-0.1981,-0.11524,-0.71582,0.75857
0.74612,1,-0.29451,0.2464,0.12774,-0.26116
0.78086,1,-0.014978,0.12638,0.29036,-0.59996
0.8156,1,-0.18958,0.28205,0.2092,-0.49338
0.85033,1,0.067809,-0.092551,-0.13962,-0.082011
0.88507,1,0.19917,-0.22892,0.014545,-0.2233
0.91981,1,0.33343,0.0034266,-0.016775,-0.60271
0.91981,1,0.071575,0.084879,-0.05633,-0.35108
0.54088,1,-0.022308,0.28804,-0.41433,-0.1431
0.923,1,0.13862,0.044509,0.26932,-0.66871
0.73229,1,0.23027,0.058353,-0.084119,-0.4792
0.54406,1,0.21118,-0.22538,0.02891,-0.2474
0.92619,1,-0.027988,-0.16993,-0.073161,0.060852
0.73583,1,0.24541,-0.10905,-0.016745,-0.37191
0.54725,1,-0.24762,0.013272,0.14096,-0.066332
0.92938,1,0.53871,-0.05235,0.070449,-0.84866
0.73938,1,0.012481,0.16793,-0.16518,-0.26569
0.55044,1,0.062214,-0.21555,-0.26839,0.18308
0.93256,1,-0.23624,-0.13658,0.19882,0.034393
0.55363,1,0.32075,0.094433,-0.12464,-0.57551
0.93575,1,-0.21302,0.37568,0.3169,-0.64603
0.59613,1,0.029216,0.019375,-0.11194,-0.1243
0.6316,1,-0.094052,0.25955,-0.076256,-0.27065
0.66706,1,0.28677,-0.0054871,0.16727,-0.64127
0.70252,1,-0.37723,-0.44525,-0.015566,0.76747
0.73798,1,0.23786,0.17112,0.07412,-0.69158
0.77345,1,0.091718,0.20626,-0.125,-0.38361
0.72749,1,0.18094,-0.27052,-0.11203,0.01595
0.80891,1,-0.11836,-0.28753,0.3332,-0.0084924
0.84437,1,-0.35048,0.042843,-0.028188,0.22365
0.87984,1,-0.07504,-0.10026,0.056886,-0.016577
0.9153,1,-0.11572,-0.11105,-0.3094,0.36519
0.95076,1,-0.043049,0.17319,-0.32928,-0.0078788
0.98622,1,-0.067179,0.05876,-0.12385,-0.036243
0.73148,1,-0.10452,-0.1118,-0.098931,0.16933
0.98622,1,-0.057439,-0.18185,0.06239,0.048285
0.95221,1,0.33372,0.29733,-0.23119,-0.66513
0.9182,1,0.14016,0.17292,0.062614,-0.56323
0.88418,1,0.17072,-0.19191,-0.060847,-0.095869
0.85017,1,0.19179,0.35509,-0.026833,-0.73981
0.81616,1,-0.23252,-0.41837,0.1423,0.44059
0.73546,1,0.058527,0.16224,0.19178,-0.56777
0.78214,1,0.019159,-0.30594,0.00052403,0.15174
0.74813,1,0.08043,0.19327,-0.32916,-0.16762
0.71411,1,0.16316,-0.29646,0.026291,-0.047296
0.6801,1,0.21429,-0.38456,0.089655,-0.066733
0.64609,1,-0.060698,0.0017851,0.13901,-0.20626
0.61207,1,0.16823,-0.23649,0.18123,-0.25198
0.62535,1,-0.11302,-0.033659,0.12422,-0.08023
0.66009,1,0.092826,0.10929,-0.0090062,-0.3569
0.69483,1,-0.51944,0.1787,-0.030675,0.2998
0.72957,1,0.24731,0.11659,-0.3991,-0.20156
0.76431,1,0.09626,0.091194,0.063696,-0.4053
0.79905,1,0.049193,-0.59697,0.29524,0.18843
0.81642,1,-0.18634,-0.065587,0.28952,-0.10581
0.83378,1,-0.26276,-0.5121,-0.27683,0.96291
0.86852,1,-0.31524,-0.12476,-0.13531,0.48159
0.90326,1,-0.058722,0.014105,0.078425,-0.1547
0.938,1,-0.088691,0.01053,0.21785,-0.23856
0.97274,1,-0.0043,0.042598,0.29653,-0.44056
1.0075,1,-0.014932,0.00056228,-0.19012,0.045078
1.0075,1,0.068583,0.036164,-0.018374,-0.24155
0.81974,1,0.14951,-0.33078,0.092657,-0.034131
1.0108,1,0.21311,0.021462,-0.27566,-0.16437
0.82306,1,0.05717,0.04828,-0.10324,-0.16014
1.0141,1,-0.1464,0.028243,-0.1866,0.17169
0.82439,1,-0.39658,0.21494,0.15014,-0.033372
0.79387,1,-0.012349,0.13846,0.020162,-0.28241
0.82638,1,-0.20653,-0.12233,0.18894,0.07723
1.0174,1,-0.57718,-0.33078,-0.0036068,0.90281
0.76335,1,0.012195,-0.14558,0.36095,-0.30282
0.73284,1,-0.061728,0.081494,0.10901,-0.23897
0.70232,1,0.33667,0.18958,-0.24969,-0.50254
0.8297,1,0.41878,0.13569,-0.40797,-0.40077
1.0208,1,-0.14481,-0.26073,0.21982,0.13087
0.67181,1,0.27893,0.31311,0.080023,-0.85721
0.86287,1,-0.34325,0.36639,0.17458,-0.27377
0.99024,1,-0.064312,0.14591,0.1426,-0.33236
0.64129,1,-0.32028,0.044652,0.1822,0.041282
0.89604,1,-0.16349,0.0462,0.15443,-0.11844
0.92789,1,0.0045012,0.39983,0.25623,-0.78503
0.95973,1,-0.14622,-0.13561,0.23732,-0.015247
0.65458,1,-0.028498,0.054014,0.12234,-0.2426
0.68931,1,0.16768,0.17729,0.082801,-0.56915
0.72405,1,0.24377,-0.26677,0.069192,-0.16659
0.75879,1,0.34307,-0.0050725,0.2071,-0.6858
0.79353,1,0.14255,0.10367,-0.17839,-0.23082
0.82827,1,0.14628,0.030705,0.20504,-0.49357
0.84564,1,0.13414,0.047589,-0.02036,-0.29947
0.86301,1,-0.026045,-0.34826,0.060978,0.24256
0.89775,1,0.031119,0.028131,-0.077485,-0.10835
0.93248,1,0.090284,0.5008,0.054382,-0.80317
0.96722,1,0.1049,-0.037988,0.19449,-0.36202
1.002,1,0.14526,-0.4326,-0.25686,0.41366
1.0367,1,-0.012753,-0.2207,-0.16524,0.28836
1.0367,1,-0.31482,0.35722,0.31921,-0.40965
0.65776,1,-0.16027,-0.44236,-0.29818,0.81926
1.0399,1,-0.01781,0.029819,0.070455,-0.18015
0.84918,1,-0.10653,0.09983,0.14909,-0.22123
0.66095,1,0.20685,0.1162,0.0099675,-0.47847
1.0431,1,0.25273,-0.038918,0.38203,-0.69163
0.85272,1,0.076681,0.38824,-0.15743,-0.47262
0.66414,1,-0.19296,-0.28401,-0.58389,0.94399
1.0463,1,0.28575,-0.048332,0.14818,-0.51113
0.85626,1,-0.014717,-0.067696,0.45701,-0.41104
0.66733,1,-0.088578,0.07675,-0.22186,0.11807
1.0494,1,0.39552,0.17506,0.06003,-0.79926
0.67052,1,0.098006,0.59914,-0.4042,-0.49925
1.0526,1,-0.25018,-0.0083689,0.18097,0.046936
1.0951,1,0.26764,-0.20235,0.20584,-0.32613
1.0983,1,-0.49858,0.18965,-0.0011536,0.32778
1.1015,1,0.33559,0.18002,-0.051452,-0.58525
0.72099,1,-0.069058,-0.14093,-0.13927,0.31078
0.75573,1,-0.23638,-0.1868,-0.072738,0.49651
0.79047,1,-0.10608,-0.0049753,-0.36812,0.4084
0.8252,1,0.17973,-0.030673,-0.078295,-0.15133
0.85994,1,0.048365,0.26617,-0.21968,-0.19444
0.89468,1,0.20734,0.37685,-0.1856,-0.52884
0.92942,1,0.30804,-0.0077481,0.0055125,-0.39909
0.96416,1,0.37285,0.62301,-0.13672,-1.0301
0.9989,1,-0.021547,0.13456,0.020784,-0.1825
1.0336,1,-0.1654,-0.096892,0.029484,0.227
1.0684,1,-0.080881,0.030445,-0.1017,0.10659
1.1031,1,-0.042331,-0.099137,-0.2965,0.37284
1.1047,1,0.12778,0.11666,0.25018,-0.53709
1.1079,1,0.076788,0.10909,-0.22055,-0.052527
1.1111,1,-0.016566,0.051817,0.32575,-0.35927
0.74224,1,0.22222,0.47873,0.094257,-0.88111
0.77698,1,0.13883,-0.28436,-0.27046,0.36002
0.81172,1,-0.074276,-0.025617,-0.11527,0.19239
0.84646,1,0.23046,0.01976,0.23284,-0.51732
0.88119,1,-0.15397,-0.67481,0.12257,0.77649
0.91593,1,-0.1377,-0.21578,0.11384,0.26994
0.9333,1,-0.52034,-0.2428,0.2443,0.62969
0.95067,1,0.30773,-0.12959,-0.069979,-0.17983
0.98541,1,-0.35881,0.14922,0.187,0.069091
1.0201,1,0.064933,0.07772,-0.11545,-0.080968
1.0549,1,-0.31533,-0.088244,0.44526,0.047636
1.0896,1,0.1875,0.061387,0.13582,-0.42692
1.1244,1,-0.33581,-0.12005,0.24413,0.28263
0.93649,1,0.087602,0.092801,-0.38401,0.11567
0.93968,1,0.21537,-0.1135,0.064747,-0.20183
0.94287,1,-0.24161,-0.015448,-0.025288,0.30651
0.94605,1,-0.18341,0.2789,0.079125,-0.16748
0.75818,1,0.035141,-0.32713,0.030647,0.27788
0.79292,1,-0.21834,0.14523,-0.15776,0.22886
0.82766,1,0.20257,-0.015029,-0.11584,-0.12494
0.8624,1,-0.10095,0.15144,0.15253,-0.18731
0.89713,1,-0.38874,0.053966,0.30347,0.12009
0.93187,1,-0.14157,0.17387,-0.20718,0.15206
0.94924,1,-0.096975,0.075273,0.029791,-0.0018162
0.96661,1,-0.0081109,-0.029766,0.037708,0.0011411
1.0013,1,0.10934,0.0090602,0.32432,-0.42945
1.0361,1,-0.12993,0.086359,-0.10904,0.14665
1.0708,1,-0.34076,-0.14552,-0.2761,0.78909
1.1056,1,-0.18067,-0.58869,-0.21455,1.0269
1.1403,1,-0.26598,0.45698,-0.17767,-0.034574
0.77146,1,-0.18616,0.043264,-0.30754,0.44628
0.8062,1,0.44043,-0.24333,-0.078678,-0.17492
0.84094,1,-0.37948,-0.32995,0.24392,0.58908
0.87568,1,0.26494,-0.30903,-0.052512,0.077186
0.91042,1,-0.049384,-0.24931,0.13569,0.21307
0.94516,1,-0.17646,-0.20461,-0.36833,0.75591
0.96252,1,-0.37186,-0.0444,0.31049,0.21357
0.97989,1,-0.042339,-0.12314,0.074979,0.12212
1.0146,1,-0.3336,-0.119,0.10312,0.43188
1.0494,1,0.2825,0.48051,0.38818,-1.1827
1.0841,1,0.33974,-0.02107,0.019604,-0.38399
1.1188,1,0.23916,-0.045451,0.23987,-0.4343
1.1536,1,0.13701,0.12253,0.085382,-0.36083
1.1536,1,0.30052,0.31652,-0.19589,-0.51312
0.96585,1,0.25287,0.33962,0.18186,-0.81146
1.1569,1,0.022817,0.21794,-0.0086284,-0.24494
0.96917,1,-0.35506,0.50729,-0.0072977,-0.11526
1.1602,1,0.068898,0.15636,0.20413,-0.41591
0.97049,1,0.31779,-0.16534,0.35398,-0.48889
0.93998,1,-0.15488,-0.016511,-0.25871,0.44065
0.97249,1,-0.34554,0.33695,0.33125,-0.23694
1.1635,1,0.00081788,0.054501,0.11559,-0.14562
0.90946,1,-0.69066,-0.056993,0.33541,0.58679
0.87895,1,-0.094602,-0.054197,0.22231,-0.0091504
0.84843,1,-0.5326,0.45251,-0.061692,0.20487
0.97581,1,-0.10428,0.23695,-0.31461,0.16137
1.1669,1,0.14143,0.0048835,0.10806,-0.24582
0.81792,1,0.48727,0.21458,-0.026776,-0.75469
1.009,1,0.032704,-0.011024,0.049808,-0.049582
1.1364,1,-0.03453,0.31566,0.020211,-0.29781
0.7874,1,-0.068093,0.075208,0.094969,-0.063716
1.0422,1,0.07922,0.21542,-0.092606,-0.22151
1.074,1,0.12099,0.32547,-0.067991,-0.41052
1.1058,1,0.36827,0.074263,0.29473,-0.74617
0.80068,1,0.19039,0.29741,-0.035898,-0.47607
0.83542,1,0.10264,0.038048,-0.0012471,-0.12456
0.87016,1,0.21233,0.15183,-0.23858,-0.16631
0.9049,1,0.30262,-0.07416,-0.0047972,-0.2331
0.93964,1,0.28058,-0.21139,0.12771,-0.17589
0.97438,1,-0.19887,-0.47652,-0.15728,0.91877
0.99175,1,0.047133,-0.23039,0.14375,0.1022
1.0091,1,-0.12449,0.26744,0.59779,-0.63446
1.0439,1,-0.014865,-0.2435,-0.35748,0.62922
1.0786,1,0.085114,0.11518,0.35565,-0.5012
1.1133,1,-0.10423,-0.39043,0.21431,0.38901
1.1481,1,-0.24196,0.082103,0.1857,0.064568
1.1828,1,-0.55722,-0.021667,0.26634,0.47253
1.1828,1,0.059943,-0.086745,0.55909,-0.4329
0.80387,1,0.34204,-0.13805,-0.43719,0.17333
1.186,1,0.30609,-0.048533,0.17978,-0.42392
0.99529,1,-0.091459,-0.062712,0.0036294,0.20928
0.80706,1,-0.19975,-0.066097,0.034143,0.31493
1.1892,1,-0.15154,-0.12077,0.050811,0.30316
0.99883,1,-0.11252,-0.086632,-0.0098735,0.27498
0.81025,1,-0.070662,-0.33761,0.18082,0.33185
1.1924,1,0.35404,0.02354,0.23549,-0.60015
1.0024,1,-0.25987,-0.092938,-0.19205,0.61696
0.81344,1,-0.12721,-0.18258,0.10892,0.29678
1.1956,1,0.13858,-0.065118,-0.12202,0.063766
0.81662,1,0.19787,-0.10275,0.25061,-0.28912
1.1987,1,0.31468,-0.18336,0.21019,-0.30255
0.82991,1,0.032189,0.023125,-0.052012,0.047126
0.86464,1,0.08015,-0.010574,-0.062722,0.037088
0.89938,1,0.10762,-0.20492,0.01183,0.14927
0.93412,1,-0.3852,-0.27048,-0.47403,1.2208
0.96886,1,0.17069,0.59666,-0.20481,-0.59856
1.0036,1,0.19095,0.37576,0.16994,-0.71329
1.021,1,-0.33164,-0.16977,0.20966,0.44861
1.0383,1,0.29324,0.088936,0.018391,-0.3896
1.0731,1,-0.24757,-0.30002,0.1394,0.55308
1.1078,1,0.24598,0.02197,0.36776,-0.56953
1.1426,1,0.11863,-0.019291,0.26551,-0.2869
1.1773,1,-0.5105,-0.058821,-0.010952,0.73102
1.212,1,-0.23767,-0.32769,-0.10764,0.78863
1.212,1,0.3072,0.012102,-0.078216,-0.23799
0.83309,1,-0.37796,-0.16935,0.049803,0.64576
1.2152,1,0.42936,-0.16581,-0.059139,-0.20181
1.0245,1,0.46456,0.000085781,0.26968,-0.71055
0.83628,1,-0.17422,0.30464,-0.13974,0.06703
1.2184,1,-0.016003,0.17605,0.22484,-0.29891
1.0281,1,0.016041,-0.1981,0.22316,0.069691
0.83947,1,-0.14298,-0.082887,-0.16745,0.47636
1.2216,1,-0.19964,-0.29919,0.30468,0.36055
1.0316,1,0.011515,0.29641,0.088608,-0.3368
0.84266,1,-0.11522,0.46236,-0.17569,-0.13389
1.2248,1,0.12157,0.15735,-0.33548,0.060159
0.84585,1,0.23935,0.49187,0.34823,-1.0359
1.228,1,-0.31703,-0.23063,0.41473,0.33274
0.88835,1,0.2608,-0.29418,0.20897,-0.048113
0.92309,1,-0.057501,0.045883,0.012204,0.12839
0.95783,1,-0.020415,0.06276,-0.16887,0.22624
0.99257,1,0.16641,-0.03609,-0.12132,0.073662
1.0273,1,-0.31562,0.3072,-0.09223,0.23864
1.062,1,0.13646,-0.2688,-0.44507,0.64428
1.0968,1,0.18078,-0.52922,-0.19693,0.65552
1.1315,1,0.35037,-0.1959,-0.45314,0.32378
1.1663,1,-0.40133,-0.36604,-0.3039,1.251
1.201,1,-0.060754,0.15094,-0.045282,0.069365
1.2357,1,-0.0078559,0.021194,-0.040551,0.14364
1.2705,1,-0.069003,-0.18957,-0.063907,0.46276
1.0476,1,-0.45419,-0.65556,0.18156,1.198
1.0774,1,-0.38581,-0.11395,0.0065425,0.68989
1.1073,1,-0.074064,0.20111,-0.29544,0.25463
1.1371,1,0.1047,0.2374,0.062863,-0.30565
1.167,1,0.1699,0.017767,-0.012963,-0.075888
1.1968,1,-0.34443,-0.25543,0.061256,0.75418
1.2267,1,0.20931,0.34005,0.37366,-0.8055
1.2566,1,0.15031,0.33234,0.164,-0.5422
1.2864,1,0.032219,-0.13838,0.36166,-0.068681
1.0821,1,-0.012738,-0.039859,-0.61229,0.72055
1.0567,1,0.24698,-0.25413,0.17846,-0.043912
1.0313,1,0.051073,-0.093817,0.61679,-0.37243
1.0059,1,0.16037,-0.070407,-0.56907,0.51969
0.98048,1,0.0098616,-0.30298,-0.24421,0.66204
0.95508,1,0.3211,-0.090446,0.17279,-0.29429
0.92969,1,-0.28641,-0.0046296,0.1484,0.34346
0.90429,1,-0.26241,-0.0011564,-0.1193,0.54904
0.91757,1,-0.0051488,0.0070665,0.26242,-0.081708
1.2997,1,-0.35238,-0.35737,-0.029068,0.97193
0.92076,1,0.26242,0.048633,0.093337,-0.28613
1.3029,1,-0.096998,-0.27105,-0.38107,0.89425
0.92395,1,-0.32923,-0.47004,0.099625,0.95973
1.3061,1,0.53728,0.073756,-0.057098,-0.49768
0.92554,1,0.22333,-0.066443,-0.28538,0.22128
0.96028,1,0.38584,-0.2505,-0.107,0.073902
0.99502,1,0.16891,-0.24353,0.27694,-0.018746
1.0298,1,-0.11199,-0.12238,0.11542,0.31946
1.0645,1,-0.14406,0.11488,-0.10908,0.29817
1.0992,1,-0.39688,-0.23659,0.051373,0.83056
1.134,1,-0.24099,-0.19009,-0.012438,0.65506
1.1687,1,-0.41886,0.23153,0.091582,0.31569
1.2034,1,-0.28861,0.067961,0.16075,0.27976
1.2382,1,0.028815,0.0076431,-0.19846,0.29128
1.2729,1,-0.17398,0.080516,0.043779,0.23567
1.3077,1,-0.21506,-0.21616,-0.41944,1.0109
0.92714,1,-0.28831,-0.1524,0.55571,0.17149
1.3093,1,-0.071487,0.12059,0.28236,-0.13505
0.93032,1,-0.22405,0.23511,-0.10146,0.25957
1.3124,1,-0.27669,0.02006,0.48607,0.036272
0.93351,1,0.12963,0.14397,0.53646,-0.61145
1.3156,1,0.37113,-0.20456,0.070948,-0.10711
0.94679,1,0.054844,0.34185,0.31309,-0.52836
0.98153,1,-0.047736,-0.25751,0.2122,0.32645
1.0163,1,-0.19922,0.36414,0.17142,-0.13217
1.051,1,0.35222,0.069287,-0.11676,-0.20238
1.0857,1,0.028154,0.25988,0.34069,-0.43312
1.1205,1,0.011214,-0.23298,0.058419,0.36659
1.1552,1,-0.36992,0.20356,0.43714,0.006109
1.19,1,-0.18918,0.05052,0.066998,0.28636
1.2247,1,-0.55449,0.072677,-0.061407,0.8005
1.2594,1,-0.39219,-0.15581,0.15686,0.66624
1.2942,1,0.13013,-0.088896,-0.18205,0.28417
1.3289,1,-0.18895,0.29833,0.21653,-0.11277
1.3289,1,0.14748,-0.16234,-0.62281,0.73078
1.2984,1,-0.23481,0.10972,-0.046581,0.37677
1.2679,1,0.21008,-0.0035968,0.18618,-0.22206
1.2374,1,0.045238,0.14341,0.29786,-0.28571
1.2069,1,0.21451,0.28229,0.014335,-0.38196
1.1763,1,0.29067,-0.20389,0.10506,-0.024462
1.1458,1,-0.044693,0.25012,-0.42468,0.34305
1.1153,1,0.058796,-0.052242,-0.04035,0.21225
1.0848,1,0.46399,-0.052069,-0.48709,0.13463
1.0543,1,0.15332,0.45154,0.33194,-0.76604
1.0238,1,0.39269,-0.37977,-0.28577,0.39683
0.99325,1,0.027153,0.033193,0.2289,-0.074586
0.96273,1,-0.1444,-0.20053,0.07698,0.51215
0.99747,1,-0.15533,-0.019459,0.042396,0.3599
1.0322,1,-0.28819,0.38656,0.042168,0.076623
1.0669,1,0.10458,0.13653,0.046174,-0.11422
1.1017,1,0.30667,0.097837,0.14299,-0.39278
1.1364,1,-0.17356,-0.099266,0.11895,0.39992
1.1712,1,-0.30472,-0.10383,-0.22263,0.85784
1.2059,1,-0.1166,-0.12568,0.37493,0.13705
1.2406,1,0.48297,-0.008181,0.24632,-0.57443
1.2754,1,0.1865,-0.024464,0.38561,-0.33429
1.3101,1,0.20285,-0.35377,0.086113,0.26534
1.3449,1,-0.56832,-0.33745,0.054853,1.1727
0.97602,1,0.046882,-0.049309,-0.12246,0.3149
1.0108,1,-0.18999,0.056629,0.40236,0.014788
1.0455,1,0.16666,-0.032612,-0.063936,0.10602
1.0802,1,-0.07864,-0.04193,0.022056,0.32594
1.115,1,0.017035,0.1481,-0.51569,0.48238
1.1497,1,0.048425,0.076309,-0.28555,0.32095
1.1844,1,0.017013,0.11933,-0.49767,0.49761
1.2192,1,0.27021,-0.39491,-0.31582,0.59792
1.2539,1,0.062802,0.17143,0.15329,-0.18427
1.2887,1,0.3984,-0.29703,-0.069552,0.12657
1.3234,1,0.3417,-0.34057,0.082373,0.10595
1.3581,1,0.16826,-0.1418,0.14332,0.039738
1.3581,1,0.0025417,0.25344,-0.055948,-0.018662
0.97934,1,-0.13556,-0.16065,0.0014215,0.54171
1.3615,1,0.025411,0.33976,-0.093647,-0.10197
0.98266,1,-0.10704,-0.070981,-0.17224,0.56776
1.3648,1,-0.15538,-0.10385,0.23671,0.29991
0.98598,1,-0.0079505,0.56633,0.55173,-0.8685
1.3681,1,-0.097536,0.31472,0.5783,-0.51612
0.9893,1,0.38351,-0.19204,-0.31706,0.2614
1.3714,1,0.16711,0.22261,-0.69362,0.39693
1.0225,1,-0.11753,-0.23658,-0.057292,0.66548
1.3409,1,0.10193,-0.11755,-0.11858,0.33552
1.0556,1,-0.0024205,0.45658,-0.24629,-0.048923
1.0556,1,-0.25024,0.1797,-0.11281,0.42088
1.092,1,0.077785,-0.42176,-0.30797,0.85972
1.1284,1,0.16237,0.23917,-0.056493,-0.17299
1.1648,1,0.15351,0.31996,-0.2741,-0.05851
1.2012,1,0.25163,-0.089705,-0.24323,0.24218
1.2376,1,-0.20983,0.024854,-0.0073273,0.44819
1.274,1,0.063608,0.098558,-0.011102,0.053753
1.3104,1,-0.31026,0.12634,0.047118,0.40768
1.0689,1,0.40446,-0.038934,-0.10584,-0.098113
1.26,1,0.15599,0.48273,-0.13534,-0.34589
1.2918,1,-0.09135,-0.34305,-0.092919,0.7957
1.3237,1,0.11755,0.23961,-0.067041,-0.098873
1.0384,1,0.0010552,0.10094,-0.15728,0.26698
1.2295,1,-0.09928,-0.10726,-0.076655,0.53752
1.3568,1,0.050541,0.36683,0.24088,-0.42759
1.0079,1,-0.25359,-0.10452,-0.044729,0.68739
1.199,1,-0.030782,-0.31672,-0.14263,0.74314
1.39,1,0.3334,0.25684,-0.096759,-0.33991
1.0079,1,-0.093635,0.10659,-0.065964,0.29211
1.39,1,-0.22314,0.06396,0.042249,0.39369
1.2025,1,0.10869,0.20732,-0.42814,0.26991
1.0114,1,0.051711,-0.17839,0.3778,0.043779
1.3936,1,0.073903,0.18448,-0.30595,0.22761
1.206,1,0.45271,0.072454,0.29043,-0.61323
1.015,1,0.033333,0.086236,-0.010048,0.12417
1.3971,1,0.14673,-0.094328,0.014325,0.16559
1.2096,1,0.13,-0.038779,0.173,-0.010883
1.0185,1,0.54378,0.0087314,0.021247,-0.41027
1.2096,1,0.11828,0.15197,-0.080134,0.019513
1.4006,1,-0.0094863,0.062668,0.091376,0.11376
1.0517,1,-0.11853,0.045504,-0.0087495,0.34854
1.1791,1,0.24227,-0.0015039,-0.002851,-0.025817
1.3701,1,-0.003758,-0.066427,0.27172,0.089131
1.0849,1,0.20808,-0.044251,0.23231,-0.14536
1.1167,1,0.18557,-0.043666,0.086946,0.0080151
1.1486,1,-0.3142,0.10768,0.13533,0.38379
1.3396,1,-0.12593,-0.22253,-0.045809,0.68026
1.1274,1,0.057779,0.058497,-0.15832,0.30427
1.1638,1,0.15474,0.16604,-0.0088153,-0.056073
1.2002,1,-0.15741,-0.080116,0.37546,0.23493
1.2365,1,0.32736,0.13956,-0.28431,0.013844
1.2729,1,-0.16143,-0.12938,-0.13638,0.74282
1.3093,1,0.16242,-0.02054,-0.17362,0.28123
1.3457,1,-0.30065,0.023061,0.099217,0.5332
1.3821,1,-0.31503,0.12281,-0.45023,0.92542
1.3821,1,0.31655,0.27427,-0.062983,-0.31353
1.0969,1,0.28929,-0.2072,-0.092386,0.26489
1.4153,1,-0.00049049,0.25503,0.067103,-0.036871
1.0663,1,0.11614,-0.13244,0.16449,0.16117
1.4485,1,0.084723,-0.21073,0.33116,0.13566
1.0663,1,-0.070833,0.13478,-0.55782,0.72554
1.452,1,0.037662,-0.0020184,-0.16695,0.40671
1.0699,1,-0.54324,0.083155,-0.14453,0.97115
1.4555,1,0.2439,0.069164,0.10763,-0.14803
1.0734,1,-0.050717,-0.092244,0.44149,0.075451
1.4591,1,0.091424,-0.43862,0.040549,0.63982
1.077,1,0.13441,0.084992,0.0083509,0.053119
1.4591,1,-0.24424,0.26427,0.14197,0.18286
1.1101,1,0.00071125,0.075226,0.09817,0.14159
1.4286,1,0.0035765,-0.078284,-0.079768,0.46035
1.1433,1,0.29507,0.29184,0.17919,-0.50463
1.1433,1,0.0036416,0.14669,-0.33214,0.44075
1.1797,1,-0.13615,-0.3349,-0.43811,1.2163
1.2161,1,0.18695,0.076601,0.095408,-0.07289
1.2525,1,-0.044728,0.29533,0.37092,-0.28153
1.2889,1,0.11232,-0.22999,0.14598,0.30031
1.3253,1,0.0046676,0.3725,-0.10804,-0.0011492
1.3617,1,-0.016554,-0.40533,0.17999,0.60958
1.3981,1,0.019869,0.3057,0.25572,-0.26661
1.0929,1,-0.091633,0.31354,0.16399,-0.051482
1.1276,1,-0.081115,0.043115,-0.15149,0.50546
1.1624,1,-0.080162,0.14282,-0.096709,0.3486
1.1971,1,-0.11838,0.28051,0.349,-0.14739
1.2319,1,-0.0092964,0.37002,0.13121,-0.17942
1.2666,1,0.088294,0.3706,-0.3694,0.14656
1.284,1,0.084033,-0.088957,0.47336,-0.093644
1.3013,1,-0.016178,0.26396,-0.075884,0.12512
1.3361,1,0.12643,0.3194,-0.59847,0.35883
1.3708,1,-0.18061,-0.02999,-0.11737,0.67014
1.4055,1,0.28083,-0.20373,0.088694,0.1394
1.4403,1,0.46337,-0.349,-0.37677,0.49299
1.475,1,0.058939,0.058368,-0.20016,0.36881
1.475,1,0.079587,-0.34251,-0.062028,0.65587
1.4782,1,0.32268,-0.31864,0.073144,0.23152
1.2875,1,0.41814,-0.3436,-0.27463,0.45349
1.4814,1,0.1731,0.18255,-0.13449,0.050526
1.291,1,-0.32574,0.19597,0.13329,0.38184
1.4846,1,0.035671,-0.11536,0.3932,0.071095
1.2946,1,0.40173,-0.062103,-0.12208,0.04174
1.4878,1,0.09681,0.26318,-0.014157,-0.047176
1.491,1,-0.11284,0.097559,0.075673,0.29969
-2.129,1,-0.074637,-0.0052823,-0.19776,-0.10899
-2.1286,1,0.00050932,-0.060637,0.051165,-0.35515
-2.128,1,-0.10485,-0.035348,-0.25053,0.0060879
-2.1272,1,-0.097966,0.33911,-0.10248,-0.53534
-2.1262,1,0.1734,-0.31014,-0.019617,-0.2225
-2.1251,1,-0.0030079,0.27746,0.14187,-0.79212
-2.1238,1,-0.11327,-0.075696,0.17446,-0.31013
-2.1224,1,-0.14196,0.14613,-0.38577,-0.022104
-2.1209,1,0.1707,0.41561,-0.21385,-0.82641
-2.1192,1,-0.28922,0.18388,-0.15273,-0.093222
-2.1174,1,0.28846,-0.13361,-0.16535,-0.41008
-2.1155,1,-0.055599,-0.29879,-0.19691,0.19819
-2.1135,1,0.38656,0.14449,-0.11413,-0.86549
-2.1114,1,-0.16382,-0.28928,0.16109,0.0031794
-2.1092,1,0.40142,0.2671,-0.081138,-1.0398
-2.1068,1,0.15809,-0.30462,0.2112,-0.39441
-2.1044,1,0.0044841,-0.084452,-0.12342,-0.15656
-2.1018,1,0.25712,-0.098856,0.1658,-0.68681
-2.0992,1,-0.13135,-0.34231,-0.34227,0.47736
-2.0964,1,-0.27294,0.12185,0.19589,-0.32916
-2.0935,1,-0.12602,0.31619,0.10462,-0.62676
-2.0906,1,-0.3279,0.25235,0.20325,-0.40671
-2.0875,1,0.034825,0.032348,0.37787,-0.74197
-2.0844,1,0.22843,-0.3116,-0.20255,-0.082686
-2.0811,1,-0.097565,-0.25295,-0.16667,0.20509
-2.0778,1,0.045102,-0.20494,0.14663,-0.28492
-2.0743,1,0.16354,-0.13866,-0.088267,-0.28433
-2.0708,1,0.08554,-0.22422,0.28564,-0.4265
-2.0672,1,0.31616,-0.32539,0.5304,-0.79735
-2.0635,1,0.47431,-0.013524,-0.28646,-0.596
-2.0597,1,0.22284,0.54438,-0.24588,-0.93724
-2.0558,1,-0.21078,-0.63941,0.027166,0.60849
-2.0518,1,0.15402,-0.53644,-0.19056,0.2682
-2.0478,1,0.50166,0.079365,-0.0087421,-0.95667
-2.0436,1,-0.13297,0.054583,0.14658,-0.32382
-2.0394,1,0.032911,0.42258,0.029355,-0.80668
-2.0351,1,0.20675,0.22585,-0.18997,-0.59959
-2.0307,1,0.12931,-0.17325,-0.21387,-0.053463
-2.0262,1,0.45307,-0.1204,-0.043732,-0.63244
-2.0216,1,0.45507,0.27261,-0.027701,-1.0684
-2.017,1,0.5106,-0.32762,-0.03142,-0.47749
-2.0123,1,0.27512,0.46965,-0.2037,-0.90755
-2.0075,1,-0.64062,-0.02784,-0.091679,0.60124
-2.0026,1,0.054216,-0.033424,0.55942,-0.76902
-1.9976,1,-0.3201,0.084779,-0.39044,0.37918
-1.9925,1,-0.24937,0.20105,0.22228,-0.36236
-1.9874,1,0.061349,-0.080234,0.20759,-0.40245
-1.9822,1,-0.13908,-0.24742,0.25918,-0.029006
-1.9769,1,-0.18391,-0.064597,0.27184,-0.18
-1.9716,1,0.35784,0.20298,0.3168,-1.1334
-1.9661,1,0.10186,-0.16088,0.016174,-0.17319
-1.9606,1,0.084673,-0.057658,0.088505,-0.3227
-1.955,1,0.075326,0.34936,-0.3164,-0.38944
-1.9494,1,-0.036795,0.61759,0.603,-1.3512
-1.9436,1,-0.17619,-0.12741,-0.32514,0.43671
-1.9378,1,0.32238,0.088268,-0.014166,-0.64392
-1.9319,1,-0.42023,0.25583,0.1758,-0.12167
-1.926,1,-0.12851,-0.1635,-0.033781,0.18147
-1.9199,1,-0.40686,-0.2795,0.29673,0.34595
-1.9138,1,-0.15441,-0.1226,-0.1896,0.31653
-1.9076,1,-0.37071,-0.26386,0.1036,0.46899
-1.9014,1,0.067778,0.35065,0.13564,-0.72634
-1.895,1,-0.18351,0.4973,-0.12335,-0.35813
-1.8886,1,-0.15024,0.24572,0.16427,-0.37196
-1.8822,1,-0.052189,-0.19724,0.067524,0.083369
-1.8756,1,-0.17332,-0.25389,-0.044575,0.39052
-1.869,1,0.28005,-0.070402,-0.18348,-0.20641
-1.8623,1,-0.50106,0.085979,-0.027554,0.40343
-1.8556,1,0.18345,-0.38191,0.027131,0.070266
-1.8487,1,0.025434,-0.069648,-0.10334,0.038713
-1.8419,1,0.43666,0.011805,-0.2499,-0.39206
-1.8349,1,-0.24015,-0.12423,0.051825,0.28399
-1.8279,1,0.22182,-0.016988,-0.035753,-0.28539
-1.8208,1,-0.16791,-0.2058,0.048819,0.30458
-1.8136,1,0.06806,-0.11449,0.14553,-0.14649
-1.8063,1,-0.22982,0.23761,0.07066,-0.10673
-1.799,1,0.10699,-0.085754,0.085084,-0.15525
-1.7917,1,0.32265,0.088197,0.00929,-0.51998
-1.7842,1,0.053422,0.21907,0.064129,-0.38871
-1.7767,1,0.12064,0.42272,0.30933,-0.89483
-1.7691,1,-0.32573,0.3346,0.33225,-0.29291
-1.7615,1,0.011011,-0.18478,0.25293,-0.047074
-1.7538,1,0.018107,-0.097202,-0.2639,0.31225
-1.746,1,-0.012924,0.21583,0.095568,-0.29778
-1.7381,1,-0.33868,0.30847,-0.27238,0.31267
-1.7302,1,0.051718,-0.095277,-0.3025,0.32831
-1.7223,1,-0.27195,0.41259,-0.42559,0.27313
-1.7142,1,0.077769,-0.10596,-0.030523,0.086243
-1.7061,1,-0.49651,-0.11496,0.24662,0.52864
-1.6979,1,0.16192,-0.14639,0.16597,-0.12471
-1.6897,1,0.01448,0.023933,-0.35384,0.32831
-1.6814,1,-0.4311,-0.08767,0.15014,0.53238
-1.673,1,-0.29324,-0.11097,0.2889,0.28338
-1.6646,1,-0.33017,-0.032878,-0.14279,0.63001
-1.6561,1,0.10314,-0.10388,0.0055944,0.080285
-1.6476,1,0.13226,0.27936,-0.10413,-0.26217
-1.6389,1,-0.11465,0.1692,-0.010827,0.070541
-1.6303,1,-0.11903,0.19302,0.097054,-0.03631
-1.6215,1,-0.42314,-0.24259,0.41634,0.51557
-1.6127,1,-0.42998,0.18176,0.20248,0.26242
-1.6038,1,0.093055,0.52415,0.46301,-0.93602
-1.5949,1,0.2178,0.39997,-0.071094,-0.46872
-1.5859,1,-0.026738,0.035994,-0.34443,0.45786
-1.5768,1,0.011292,-0.15323,0.037455,0.29097
-1.5677,1,-0.22748,0.47662,-0.16918,0.07997
-1.5585,1,-0.23283,0.1498,0.23425,0.093209
-1.5493,1,-0.09658,-0.0011086,-0.20026,0.4887
-1.54,1,-0.22758,0.48932,-0.31291,0.22025
-1.5306,1,-0.12132,0.053644,0.20399,0.12147
-1.5212,1,0.026693,0.26932,-0.089509,-0.016084
-1.5117,1,-0.27393,0.25965,0.043491,0.23667
-1.5021,1,0.035848,-0.24478,-0.35218,0.77781
-1.4925,1,0.19724,0.18484,-0.010155,-0.16479
-1.4828,1,-0.33573,0.11235,0.24411,0.31971
-1.4731,1,0.35649,-0.34429,0.087812,0.15392
-1.4633,1,0.1427,-0.14489,-0.098927,0.36147
-1.4534,1,-0.20933,0.14525,0.022619,0.36099
-1.4435,1,-0.40145,0.24611,-0.33959,0.80405
-1.4335,1,-0.39596,0.041777,-0.19823,0.90373
-1.4235,1,0.24678,-0.29758,-0.035317,0.38859
-1.4134,1,0.16541,-0.30205,-0.089975,0.54618
-1.4032,1,-0.16374,0.035947,0.13229,0.37917
-1.393,1,-0.44968,0.28581,0.39718,0.21955
-1.3827,1,-0.022894,-0.073501,-0.28721,0.72251
-1.3724,1,-0.30548,0.2538,0.012933,0.44455
0.90651,1,-0.20093,-0.34381,-0.12519,0.33927
0.91685,1,-0.056118,-0.01257,0.16992,-0.43592
0.92712,1,-0.045453,-0.20323,0.091944,-0.16386
0.93734,1,-0.15555,-0.026468,-0.19609,0.036926
0.9475,1,0.0018366,0.26064,-0.085312,-0.54337
0.9576,1,0.15092,-0.045615,-0.061144,-0.39766
0.96763,1,0.256,0.52683,-0.14788,-1.0514
0.97761,1,-0.04367,-0.1472,-0.43255,0.28481
0.98753,1,-0.037521,0.28197,0.20255,-0.73403
0.99739,1,0.07303,0.075836,0.19348,-0.62252
1.0072,1,-0.11631,-0.27895,-0.19883,0.33531
1.0169,1,0.17385,0.17017,0.17609,-0.807
1.0266,1,-0.30646,-0.3777,-0.11635,0.60987
1.0362,1,0.0025125,-0.29877,0.20195,-0.10523
1.0458,1,-0.012139,0.28731,0.16506,-0.67866
1.0553,1,0.14451,-0.020866,0.023029,-0.39414
1.0647,1,-0.10387,-0.13103,0.30548,-0.22522
1.0741,1,-0.13263,0.02139,-0.16763,0.069069
1.0834,1,-0.060684,-0.011471,-0.013166,-0.1058
1.0926,1,-0.26468,-0.25357,-0.47387,0.80708
1.1018,1,0.39079,0.083637,-0.47404,-0.31035
1.1109,1,0.028689,-0.023347,0.048435,-0.22386
1.12,1,0.43333,-0.40172,0.28001,-0.48115
1.129,1,-0.43418,0.019105,-0.083892,0.40327
1.1379,1,-0.054607,0.42726,-0.032476,-0.51523
1.1468,1,-0.18652,0.2348,-0.29734,0.087633
1.1556,1,0.33667,-0.062009,-0.060165,-0.40081
1.1644,1,-0.3563,0.041547,-0.087599,0.32671
1.1731,1,-0.040869,0.40495,-0.055605,-0.45202
1.1817,1,0.31631,0.37253,-0.096014,-0.78865
1.1902,1,0.045954,-0.19386,-0.34832,0.36746
1.1987,1,0.23221,0.22029,-0.34539,-0.29033
1.2072,1,0.34346,-0.18685,0.00028373,-0.27609
1.2155,1,0.20025,-0.079957,-0.32808,0.072242
1.2238,1,0.0056452,-0.2178,0.11793,0.063526
1.2321,1,-0.041873,0.078013,-0.21403,0.099679
1.2402,1,-0.13719,0.19837,0.27823,-0.34399
1.2483,1,-0.25402,0.16722,0.091654,-0.0023328
1.2564,1,-0.31075,-0.1349,0.11271,0.37913
1.2644,1,0.2503,0.2892,0.014204,-0.63691
1.2723,1,0.2864,0.14947,-0.16089,-0.36636
1.2801,1,-0.10162,-0.039687,-0.062554,0.21063
1.2879,1,-0.23948,-0.36532,-0.41064,1.0362
1.2956,1,0.22037,-0.18494,-0.13484,0.071532
1.3032,1,-0.031815,-0.10948,0.3712,-0.15377
1.3108,1,0.20448,0.13642,-0.077194,-0.29233
1.3183,1,0.098493,0.077107,-0.23791,0.043777
1.3258,1,-0.38189,-0.13542,-0.30391,0.89757
1.3331,1,-0.25317,-0.44388,-0.38234,1.1569
1.3405,1,-0.015383,-0.011199,0.23857,-0.12545
1.3477,1,0.031059,0.051531,0.17813,-0.18687
1.3549,1,0.043327,0.26107,0.17667,-0.41885
1.362,1,0.22179,0.11638,-0.09046,-0.22851
1.369,1,-0.032408,0.091686,-0.21173,0.20757
1.376,1,0.060328,-0.084487,0.097764,0.024507
1.3829,1,-0.39495,0.33678,0.15719,0.054382
1.3897,1,0.0020074,0.058359,-0.18766,0.20281
1.3964,1,0.19973,-0.092679,-0.22503,0.17522
1.4031,1,0.17759,-0.083878,0.12337,-0.10822
1.4097,1,-0.14328,-0.27498,-0.22802,0.78693
1.4163,1,0.035997,-0.0099851,0.38115,-0.23679
1.4228,1,0.48104,-0.24723,0.10761,-0.25181
1.4292,1,0.28713,-0.17347,-0.10815,0.090317
1.4355,1,0.079089,-0.058043,0.15047,-0.013232
1.4417,1,-0.014327,0.37691,-0.31881,0.044982
1.4479,1,0.066338,0.47005,0.1214,-0.53033
1.454,1,0.14862,0.23798,0.38838,-0.60438
1.4601,1,-0.0012723,-0.0085808,-0.24236,0.39669
1.466,1,-0.1025,0.16739,-0.16329,0.261
1.4719,1,-0.4046,0.57486,0.33372,-0.25825
1.4777,1,0.3687,0.057037,0.01943,-0.31736
1.4835,1,-0.34112,0.20866,-0.32536,0.65396
1.4891,1,-0.71294,-0.35686,0.077377,1.3484
1.4947,1,-0.4206,-0.025229,-0.42589,1.0984
1.5002,1,0.13438,-0.28252,0.31153,0.087192
1.5057,1,-0.26478,0.15935,-0.29615,0.61464
1.511,1,-0.45395,0.04414,0.13828,0.58244
1.5163,1,-0.090509,0.33552,0.11996,-0.13359
1.5215,1,-0.32963,0.12155,-0.15322,0.62094
1.5267,1,0.028688,0.069297,0.1349,0.012046
1.5317,1,-0.36802,-0.27943,0.065174,0.91632
1.5367,1,-0.0093563,-0.18352,0.59111,-0.062091
1.5416,1,-0.17055,0.033959,0.037116,0.3828
1.5464,1,0.13107,-0.61113,-0.4791,1.1865
1.5511,1,0.31303,0.29727,0.29596,-0.68224
1.5557,1,0.0155,0.18056,-0.1225,0.1625
1.5603,1,-0.017063,0.025911,0.44339,-0.12579
1.5648,1,-0.044141,0.13275,0.41222,-0.17772
1.5692,1,-0.014317,-0.27865,-0.11634,0.70059
1.5735,1,-0.073612,-0.15029,0.085744,0.45769
1.5777,1,-0.2586,0.34401,-0.069255,0.2801
1.5819,1,0.0048797,-0.099827,-0.10025,0.48373
1.5859,1,-0.15934,-0.39048,-0.36009,1.221
1.5899,1,-0.20845,0.025659,-0.25652,0.74196
1.5938,1,0.0021939,-0.14152,-0.0082526,0.46275
1.5976,1,0.067415,0.12062,-0.10025,0.18866
1.6013,1,-0.15263,0.035801,-0.39828,0.80199
1.6049,1,0.021547,0.14476,-0.16859,0.28334
1.6085,1,-0.16736,0.18637,0.20128,0.13656
1.6119,1,0.20228,-0.012622,0.36529,-0.21972
1.6152,1,0.052655,-0.25137,-0.041426,0.57296
1.6185,1,-0.55831,0.0788,0.17879,0.73733
1.6216,1,0.053145,0.34419,-0.21061,0.084873
1.6247,1,-0.18246,0.12744,0.051465,0.36554
1.6277,1,-0.0062137,-0.053878,0.17187,0.25314
1.6305,1,-0.16231,0.20938,-0.15536,0.44131
1.6333,1,-0.12515,-0.12654,0.13047,0.51194
1.6359,1,-0.24571,-0.078206,-0.22366,0.91409
1.6385,1,0.034837,-0.19849,0.0016804,0.52178
1.6409,1,0.094994,0.0096474,-0.38426,0.56897
1.6433,1,0.067231,0.20279,0.36846,-0.26666
1.6455,1,0.02098,0.51541,0.22273,-0.41979
1.6477,1,-0.0030971,-0.010507,-0.000050511,0.37369
1.6497,1,0.082464,0.21612,-0.111,0.12913
1.6516,1,0.21188,-0.25669,0.30573,0.12414
1.6533,1,-0.040178,0.36466,-0.2207,0.21168
1.655,1,0.42307,-0.056853,-0.099944,0.022833
1.6565,1,0.53751,-0.15037,0.1453,-0.22356
1.6579,1,0.065143,0.41479,-0.42283,0.21728
1.6592,1,-0.14411,0.10535,-0.24482,0.63943
1.6603,1,-0.15177,-0.19547,0.23944,0.54825
1.6613,1,0.11942,-0.21233,0.49082,0.030753
1.6621,1,0.3476,0.1536,-0.10353,-0.10624
1.6627,1,-0.24587,-0.016793,-0.0020729,0.67972
1.6632,1,0.11519,-0.30489,0.28541,0.31804
-2.1292,1,-0.082474,-0.18373,0.044687,-0.12069
-2.1285,1,-0.16545,0.15341,-0.26392,-0.11655
-2.1267,1,0.18281,-0.20039,0.12107,-0.4786
-2.1241,1,-0.21434,0.022982,0.082568,-0.22357
-2.1209,1,-0.077518,-0.032877,0.23279,-0.45462
-2.117,1,0.0062821,0.23361,0.37539,-0.96507
-2.1125,1,0.2196,-0.30411,-0.34077,-0.0034293
-2.1074,1,-0.04121,-0.62498,0.19421,0.17593
-2.1018,1,0.41923,-0.38695,-0.38581,-0.10676
-2.0956,1,-0.05702,0.0064325,0.050071,-0.36023
-2.089,1,-0.079384,-0.038491,0.32682,-0.52907
-2.0819,1,0.24196,0.11836,0.10959,-0.88128
-2.0743,1,0.083457,0.11859,-0.30576,-0.33186
-2.0662,1,0.37818,-0.081453,-0.022522,-0.70805
-2.0577,1,0.22018,0.16655,-0.44661,-0.41887
-2.0487,1,-0.094437,-0.11504,0.08876,-0.21963
-2.0393,1,0.39524,0.18517,-0.027135,-1.0115
-2.0294,1,-0.20137,0.048027,-0.29614,0.067295
-2.0192,1,0.19878,-0.4095,-0.48322,0.25978
-2.0085,1,-0.0035239,0.18676,0.092211,-0.65411
-1.9974,1,0.11385,0.031497,-0.28962,-0.28744
-1.9859,1,0.26532,0.039429,-0.60617,-0.19396
-1.9741,1,0.2157,0.28691,-0.10954,-0.83992
-1.9618,1,0.14081,0.026312,-0.1916,-0.39941
-1.9491,1,-0.067117,-0.050433,0.18701,-0.40753
-1.9361,1,-0.074972,0.093586,0.27377,-0.63007
-1.9227,1,0.014559,-0.071955,0.03275,-0.34372
-1.9089,1,-0.33512,0.046425,0.32189,-0.31873
-1.8948,1,-0.1018,0.17092,-0.065093,-0.38434
-1.8803,1,0.083544,0.26385,-0.038808,-0.72342
-1.8654,1,0.62866,0.26162,0.11193,-1.488
-1.8501,1,-0.010241,-0.10224,-0.37158,0.073331
-1.8346,1,0.073955,-0.36277,0.13803,-0.19162
-1.8186,1,-0.10186,0.083335,-0.57988,0.16288
-1.8023,1,0.056718,0.27711,-0.035913,-0.70905
-1.7857,1,0.15256,0.27696,-0.083758,-0.77836
-1.7687,1,0.022571,-0.30274,0.24772,-0.29304
-1.7514,1,0.29097,-0.15446,-0.027253,-0.52362
-1.7338,1,-0.13979,-0.60092,0.061834,0.3811
-1.7158,1,0.19984,0.20978,0.25043,-1.0548
-1.6975,1,0.082845,0.11478,-0.16593,-0.44999
-1.6788,1,0.41534,0.015267,-0.083808,-0.80178
-1.6599,1,-0.3738,0.018719,0.22687,-0.16028
-1.6406,1,-0.21929,0.47351,0.12854,-0.74436
-1.621,1,-0.45075,0.40604,-0.085269,-0.2142
-1.601,1,-0.11751,0.088812,-0.26413,-0.10245
-1.5808,1,0.063368,-0.03877,-0.11336,-0.30786
-1.5602,1,0.23163,-0.0075561,0.22389,-0.83389
-1.5393,1,-0.03642,-0.0099585,-0.011675,-0.31222
-1.5181,1,0.024932,-0.040804,-0.030539,-0.33376
-1.4966,1,-0.13617,-0.0080076,-0.082808,-0.1357
-1.4748,1,-0.25585,-0.061228,-0.23169,0.19192
-1.4527,1,0.18036,-0.41944,-0.43225,0.24712
-1.4303,1,-0.045509,0.0045167,-0.032419,-0.29903
-1.4076,1,-0.21545,-0.28478,-0.0080745,0.1895
-1.3845,1,-0.020293,0.22164,0.034591,-0.62158
-1.3612,1,-0.1428,-0.30329,-0.16775,0.26532
-1.3376,1,0.71515,-0.17126,0.075734,-1.0897
-1.3137,1,-0.16292,0.025059,-0.17405,-0.060016
-1.2894,1,0.23895,-0.019215,0.011379,-0.64298
-1.2649,1,0.32369,0.31128,0.2441,-1.3028
-1.2401,1,-0.35356,-0.15409,-0.039464,0.23681
-1.215,1,0.31095,0.15988,-0.39172,-0.56559
-1.1896,1,0.089074,-0.31454,0.57048,-0.6415
-1.164,1,0.27661,0.031925,-0.28549,-0.48096
-1.138,1,-0.11403,-0.11367,-0.11085,-0.022794
-1.1118,1,0.21803,-0.41152,-0.075433,-0.119
-1.0852,1,-0.13688,-0.19375,0.078792,-0.076548
-1.0584,1,0.2855,-0.15466,0.00099666,-0.54187
-1.0313,1,0.089374,0.34289,-0.20382,-0.67041
-1.0039,1,0.20864,0.40371,0.085747,-1.1294
-0.97628,1,0.10052,0.048267,-0.084497,-0.47039
-0.94834,1,-0.014631,-0.2483,-0.23304,0.11423
-0.92013,1,-0.085135,-0.1695,-0.056017,-0.044392
-0.89164,1,0.26369,-0.30337,-0.29081,-0.099451
-0.86287,1,-0.13456,0.070118,0.21452,-0.4833
-0.83383,1,-0.010431,0.22422,0.359,-0.92109
-0.80452,1,-0.34521,0.092984,-0.13786,0.047019
-0.77493,1,0.091934,0.22515,-0.2579,-0.49879
-0.74508,1,0.16978,-0.18613,-0.089202,-0.29394
-0.71495,1,0.2795,0.027749,-0.45194,-0.33347
-0.68455,1,-0.011923,-0.10412,0.19956,-0.42487
-0.65389,1,-0.2131,-0.12264,0.20526,-0.17577
-0.62296,1,0.2714,-0.12253,0.14659,-0.68814
-0.59176,1,-0.25493,0.41009,-0.19395,-0.3509
-0.5603,1,-0.080839,0.32129,0.0806,-0.69909
-0.52857,1,-0.060864,-0.16677,0.12905,-0.23831
-0.49658,1,0.28777,0.44454,0.033785,-1.2199
-0.46432,1,-0.46114,0.0042143,-0.19188,0.32522
-0.4318,1,-0.012013,0.19394,0.050796,-0.61556
-0.39903,1,-0.41281,-0.044074,0.37216,-0.17487
-0.36599,1,-0.14683,0.35278,-0.22494,-0.38761
-0.33269,1,-0.22619,-0.016341,-0.26514,0.13838
-0.29913,1,0.042768,0.054291,-0.24756,-0.2663
-0.26532,1,-0.23777,-0.16497,-0.38482,0.41746
-0.23125,1,-0.18828,0.45071,-0.028964,-0.61736
-0.19692,1,0.21653,-0.023998,-0.40421,-0.24631
-0.16234,1,0.082428,-0.028568,0.029463,-0.46663
-0.1275,1,-0.12294,0.44428,-0.1183,-0.60791
-0.092411,1,0.053154,0.25872,-0.17056,-0.56668
-0.057066,1,-0.17299,-0.027632,-0.13751,-0.023578
-0.021469,1,0.17926,0.12347,0.12146,-0.82425
0.014379,1,0.20292,0.20404,-0.065885,-0.774
0.050479,1,-0.26004,0.040293,-0.045698,-0.07628
0.086829,1,-0.19753,0.31146,-0.1216,-0.37489
0.12343,1,0.042175,0.23533,-0.10519,-0.58613
0.16028,1,-0.05983,-0.058267,-0.23533,-0.036198
0.19737,1,-0.12999,-0.13909,-0.24036,0.13708
0.23472,1,-0.30861,-0.43106,-0.02073,0.46687
0.27231,1,-0.33543,-0.28696,0.099726,0.23669
0.31015,1,-0.0077483,-0.24961,-0.030805,-0.070183
0.34823,1,0.42541,-0.10609,-0.062825,-0.701
0.38656,1,0.39419,-0.13177,0.093164,-0.7741
0.42513,1,0.2347,-0.048416,-0.42018,-0.22707
0.46395,1,0.2034,0.62197,0.20245,-1.4615
0.50301,1,-0.30928,0.276,0.037915,-0.34683
0.54231,1,-0.28105,-0.062537,-0.33877,0.31682
0.58185,1,0.14474,0.088948,0.23395,-0.84575
0.62164,1,0.061988,-0.13215,-0.2107,-0.11991
0.66167,1,-0.096499,0.29244,-0.12132,-0.47219
0.70193,1,-0.21804,-0.45719,0.37421,0.042412
0.74244,1,0.20506,-0.48295,-0.062493,-0.038219
0.78318,1,0.17532,-0.06556,-0.14098,-0.38496
0.82417,1,-0.072958,0.10799,-0.0087297,-0.39956
0.86539,1,0.049595,0.15792,0.15354,-0.73874
-1.3313,1,-0.24939,0.27613,-0.075764,0.43316
-1.2901,1,0.35418,0.04792,0.054276,-0.13736
-1.2491,1,-0.0051358,-0.16481,-0.052914,0.60459
-1.2083,1,-0.042581,-0.085977,-0.14618,0.64512
-1.1678,1,0.098357,0.52975,0.23684,-0.52006
-1.1276,1,0.075276,0.22597,0.15267,-0.091407
-1.0875,1,0.25788,0.15478,0.23342,-0.29811
-1.0477,1,0.29406,-0.083366,-0.067195,0.18107
-1.0082,1,-0.11699,0.10141,-0.14356,0.52721
-0.96889,1,-0.31922,-0.22127,0.077561,0.91633
-0.92983,1,-0.026258,-0.010517,-0.11517,0.51743
-0.89102,1,0.25114,0.21741,0.084505,-0.2269
-0.85245,1,0.33474,0.021283,-0.11618,0.063879
-0.81412,1,-0.10422,-0.060755,-0.2098,0.74559
-0.77603,1,-0.30877,-0.07424,-0.2277,1.0139
-0.7382,1,0.12239,-0.30718,0.14465,0.43609
-0.7006,1,0.16357,-0.14861,0.49796,-0.093597
-0.66326,1,0.27703,0.24829,-0.0070759,-0.20984
-0.62616,1,0.22627,0.56407,-0.11454,-0.397
-0.58931,1,-0.17007,0.48174,-0.2275,0.25242
-0.55271,1,0.27629,-0.091966,0.04567,0.11179
-0.51636,1,0.091194,-0.01231,0.071681,0.21839
-0.48026,1,-0.064848,-0.40583,-0.40044,1.2397
-0.44442,1,-0.23745,-0.25399,0.032849,0.89577
-0.40882,1,0.1583,-0.013778,0.005223,0.2003
-0.37347,1,0.15364,0.02949,-0.23802,0.37293
-0.33838,1,0.24579,-0.20564,0.36275,-0.0088506
-0.30355,1,0.64698,-0.15194,-0.056255,-0.16527
-0.26896,1,-0.043921,-0.19326,-0.41723,1.0008
-0.23464,1,0.037491,-0.013788,-0.28387,0.59511
-0.20057,1,-0.2822,0.022014,-0.17719,0.83472
-0.16675,1,-0.087961,0.17224,-0.089485,0.36947
-0.1332,1,-0.017976,0.54829,0.028468,-0.22146
-0.099898,1,0.010237,0.01546,0.25381,0.1225
-0.06686,1,0.3014,-0.22924,0.22508,0.072943
-0.034082,1,0.21642,0.27097,0.16486,-0.31495
-0.0015652,1,-0.22686,-0.20102,0.28931,0.6008
0.03069,1,-0.033147,-0.11208,-0.29288,0.7913
0.062682,1,-0.095508,-0.072936,0.093139,0.48222
0.09441,1,-0.0043653,0.31232,-0.48098,0.46527
0.12587,1,0.25568,-0.24878,-0.07236,0.40877
0.15707,1,-0.25285,0.17753,-0.36134,0.79469
0.188,1,0.069451,-0.079958,-0.36929,0.70442
0.21867,1,0.23554,0.21778,-0.30823,0.13618
0.24906,1,-0.03469,-0.06234,-0.45123,0.87865
0.27919,1,-0.054612,0.058166,-0.20767,0.55765
0.30905,1,0.34165,-0.04051,-0.43523,0.40305
0.33863,1,-0.12911,-0.37316,-0.052687,0.97349
0.36795,1,0.075951,0.23164,-0.43184,0.41563
0.39699,1,-0.35852,-0.3308,-0.37842,1.4812
0.42575,1,-0.0023772,-0.39873,0.17897,0.6499
0.45424,1,-0.0062627,0.19859,-0.086735,0.24353
0.48246,1,-0.50432,-0.16771,0.40158,0.78905
0.51039,1,0.10667,-0.13659,-0.086884,0.4739
0.53805,1,0.33487,-0.14689,0.062581,0.088014
0.56543,1,0.077062,0.31923,-0.46867,0.35221
0.59253,1,-0.17843,0.30569,-0.45053,0.64821
0.61934,1,0.1143,0.16069,0.02821,0.043046
0.64587,1,-0.10088,-0.066615,-0.048535,0.60622
0.67212,1,-0.14564,0.448,-0.16192,0.20274
0.69808,1,-0.23808,0.0036049,0.040386,0.61193
0.72375,1,-0.36334,0.053355,0.15403,0.6041
0.74914,1,0.15751,0.017541,0.036469,0.13996
0.77423,1,-0.058657,0.13301,0.032592,0.27035
0.79904,1,0.047836,-0.19081,0.21361,0.33666
0.82355,1,0.080214,-0.19408,0.0068525,0.4843
0.84777,1,-0.027645,0.073629,0.38465,-0.011222
0.87169,1,0.49158,-0.073741,0.064755,-0.1752
0.89532,1,-0.021813,0.0424,-0.42028,0.72344
0.91865,1,-0.075921,0.061507,0.12798,0.28372
0.94167,1,0.13435,0.20676,0.18828,-0.17075
0.9644,1,-0.18228,0.39884,-0.19573,0.32814
0.98682,1,-0.21222,-0.26528,0.030752,0.88044
1.0089,1,-0.23736,-0.16747,-0.046349,0.87196
1.0308,1,0.46831,-0.58269,0.40112,0.10528
1.0523,1,0.19001,-0.14734,-0.33019,0.60244
1.0734,1,0.12145,-0.22125,0.17515,0.31765
1.0943,1,0.15101,-0.01391,0.07018,0.15182
1.1149,1,0.15421,-0.0024215,-0.058861,0.24917
1.1351,1,-0.078942,0.34313,-0.047033,0.13724
1.1551,1,0.15174,0.42529,-0.40104,0.091398
1.1747,1,-0.0026803,-0.15442,0.089156,0.46561
1.194,1,0.16536,0.33869,0.20866,-0.3671
1.213,1,0.071739,0.010901,-0.25616,0.50425
1.2316,1,0.089808,-0.37578,0.04199,0.6383
1.2499,1,0.047556,0.055531,0.24965,0.039487
1.2679,1,-0.080286,0.00092028,-0.20298,0.64518
1.2855,1,-0.15182,-0.11591,0.032603,0.64736
1.3028,1,-0.078819,0.029171,0.3038,0.16739
1.3198,1,0.29314,0.24368,-0.033649,-0.20023
1.3364,1,0.44908,-0.081032,-0.034923,-0.030232
1.3527,1,-0.10744,0.056173,-0.049466,0.48218
1.3687,1,0.39567,0.37964,-0.16847,-0.34773
1.3843,1,0.35387,0.325,-0.069103,-0.32749
1.3995,1,-0.4375,0.14318,0.089991,0.6498
1.4144,1,-0.0096426,-0.087049,0.026608,0.45602
1.4289,1,-0.47868,0.222,-0.20812,0.8748
1.443,1,-0.15033,-0.059435,-0.42534,0.98734
1.4568,1,0.13462,0.20724,0.46655,-0.41624
1.4702,1,0.24798,-0.14804,-0.35708,0.55938
1.4833,1,0.21681,-0.19067,0.18351,0.16632
1.4959,1,-0.1055,0.029055,0.048845,0.42275
1.5082,1,0.23357,-0.17061,0.020349,0.26864
1.5201,1,-0.075568,-0.074693,-0.0050656,0.54726
1.5315,1,0.096349,-0.20064,-0.24789,0.69659
1.5426,1,-0.042752,-0.24611,-0.35188,0.99897
1.5533,1,0.077979,-0.027632,0.15748,0.17486
1.5636,1,-0.033591,-0.11114,0.12998,0.41898
1.5734,1,0.096328,0.080778,-0.29901,0.43791
1.5828,1,0.20493,-0.32341,-0.25193,0.70624
1.5918,1,-0.22796,0.086081,-0.12045,0.65259
1.6003,1,-0.12462,-0.010532,0.17163,0.37975
1.6084,1,0.14187,-0.17842,0.2602,0.17289
1.616,1,-0.21052,-0.50391,0.1885,0.99725
1.6231,1,-0.17737,-0.1819,-0.1344,0.89514
1.6298,1,0.124,-0.14885,0.36885,0.066235
1.6359,1,-0.21505,-0.06031,-0.083023,0.76261
1.6415,1,-0.36517,0.26207,0.36953,0.19155
1.6466,1,0.18679,-0.11463,0.036756,0.24824
1.6511,1,-0.2465,-0.12953,0.045667,0.76074
1.655,1,-0.14872,-0.16994,0.032813,0.70186
1.6582,1,-0.11607,-0.19481,-0.17358,0.87217
1.6608,1,-0.13833,-0.10108,-0.14513,0.77192
1.6626,1,0.31177,-0.084286,-0.30202,0.36793
1.6634,1,-0.57162,0.046015,-0.12402,1.0989
